sample_no	letter	author	authenticity	particle	part_of_speech	position_from_start	position_from_end	left_neighbor	left_neighbor_pos	right_neighbor	right_neighbor_pos	pip	pip_position	fip	fip_position	sentence
1	73	Paul	P1	καὶ	conjunction	2	19	Παῦλος	noun	Σιλουανὸς	noun	null	0	Χριστῷ·	15	Παῦλος καὶ Σιλουανὸς καὶ Τιμόθεος τῇ ἐκκλησίᾳ Θεσσαλονικέων ἐν θεῷ πατρὶ καὶ κυρίῳ Ἰησοῦ Χριστῷ· χάρις ὑμῖν καὶ ⸀εἰρήνη.
2	73	Paul	P1	καὶ	conjunction	4	17	Σιλουανὸς	noun	Τιμόθεος	noun	null	0	Χριστῷ·	15	Παῦλος καὶ Σιλουανὸς καὶ Τιμόθεος τῇ ἐκκλησίᾳ Θεσσαλονικέων ἐν θεῷ πατρὶ καὶ κυρίῳ Ἰησοῦ Χριστῷ· χάρις ὑμῖν καὶ ⸀εἰρήνη.
3	73	Paul	P1	καὶ	conjunction	12	9	πατρὶ	noun	κυρίῳ	noun	null	0	Χριστῷ·	15	Παῦλος καὶ Σιλουανὸς καὶ Τιμόθεος τῇ ἐκκλησίᾳ Θεσσαλονικέων ἐν θεῷ πατρὶ καὶ κυρίῳ Ἰησοῦ Χριστῷ· χάρις ὑμῖν καὶ ⸀εἰρήνη.
4	73	Paul	P1	καὶ	conjunction	18	3	ὑμῖν	personal pronoun	⸀εἰρήνη.	noun	Χριστῷ·	15	null	0	Παῦλος καὶ Σιλουανὸς καὶ Τιμόθεος τῇ ἐκκλησίᾳ Θεσσαλονικέων ἐν θεῷ πατρὶ καὶ κυρίῳ Ἰησοῦ Χριστῷ· χάρις ὑμῖν καὶ ⸀εἰρήνη.
5	73	Paul	P1	καὶ	conjunction	21	92	πίστεως	noun	τοῦ	article	ἡμῶν,	13	ἡμῶν,	41	Εὐχαριστοῦμεν τῷ θεῷ πάντοτε περὶ πάντων ὑμῶν ⸀μνείαν ποιούμενοι ἐπὶ τῶν προσευχῶν ἡμῶν, ἀδιαλείπτως μνημονεύοντες ὑμῶν τοῦ ἔργου τῆς πίστεως καὶ τοῦ κόπου τῆς ἀγάπης καὶ τῆς ὑπομονῆς τῆς ἐλπίδος τοῦ κυρίου ἡμῶν Ἰησοῦ Χριστοῦ ἔμπροσθεν τοῦ θεοῦ καὶ πατρὸς ἡμῶν, εἰδότες, ἀδελφοὶ ἠγαπημένοι ὑπὸ ⸀θεοῦ, τὴν ἐκλογὴν ὑμῶν, ὅτι τὸ εὐαγγέλιον ἡμῶν οὐκ ἐγενήθη εἰς ὑμᾶς ἐν λόγῳ μόνον ἀλλὰ καὶ ἐν δυνάμει καὶ ἐν πνεύματι ἁγίῳ ⸀καὶ πληροφορίᾳ πολλῇ, καθὼς οἴδατε οἷοι ἐγενήθημεν ⸀ἐν ὑμῖν δι’ ὑμᾶς· καὶ ὑμεῖς μιμηταὶ ἡμῶν ἐγενήθητε καὶ τοῦ κυρίου, δεξάμενοι τὸν λόγον ἐν θλίψει πολλῇ μετὰ χαρᾶς πνεύματος ἁγίου, ὥστε γενέσθαι ὑμᾶς ⸀τύπον πᾶσιν τοῖς πιστεύουσιν ἐν τῇ Μακεδονίᾳ καὶ ⸀ἐν τῇ Ἀχαΐᾳ.
6	73	Paul	P1	καὶ	conjunction	26	87	ἀγάπης	noun	τῆς	article	ἡμῶν,	13	ἡμῶν,	41	Εὐχαριστοῦμεν τῷ θεῷ πάντοτε περὶ πάντων ὑμῶν ⸀μνείαν ποιούμενοι ἐπὶ τῶν προσευχῶν ἡμῶν, ἀδιαλείπτως μνημονεύοντες ὑμῶν τοῦ ἔργου τῆς πίστεως καὶ τοῦ κόπου τῆς ἀγάπης καὶ τῆς ὑπομονῆς τῆς ἐλπίδος τοῦ κυρίου ἡμῶν Ἰησοῦ Χριστοῦ ἔμπροσθεν τοῦ θεοῦ καὶ πατρὸς ἡμῶν, εἰδότες, ἀδελφοὶ ἠγαπημένοι ὑπὸ ⸀θεοῦ, τὴν ἐκλογὴν ὑμῶν, ὅτι τὸ εὐαγγέλιον ἡμῶν οὐκ ἐγενήθη εἰς ὑμᾶς ἐν λόγῳ μόνον ἀλλὰ καὶ ἐν δυνάμει καὶ ἐν πνεύματι ἁγίῳ ⸀καὶ πληροφορίᾳ πολλῇ, καθὼς οἴδατε οἷοι ἐγενήθημεν ⸀ἐν ὑμῖν δι’ ὑμᾶς· καὶ ὑμεῖς μιμηταὶ ἡμῶν ἐγενήθητε καὶ τοῦ κυρίου, δεξάμενοι τὸν λόγον ἐν θλίψει πολλῇ μετὰ χαρᾶς πνεύματος ἁγίου, ὥστε γενέσθαι ὑμᾶς ⸀τύπον πᾶσιν τοῖς πιστεύουσιν ἐν τῇ Μακεδονίᾳ καὶ ⸀ἐν τῇ Ἀχαΐᾳ.
7	73	Paul	P1	καὶ	conjunction	39	74	θεοῦ	noun	πατρὸς	noun	ἡμῶν,	13	ἡμῶν,	41	Εὐχαριστοῦμεν τῷ θεῷ πάντοτε περὶ πάντων ὑμῶν ⸀μνείαν ποιούμενοι ἐπὶ τῶν προσευχῶν ἡμῶν, ἀδιαλείπτως μνημονεύοντες ὑμῶν τοῦ ἔργου τῆς πίστεως καὶ τοῦ κόπου τῆς ἀγάπης καὶ τῆς ὑπομονῆς τῆς ἐλπίδος τοῦ κυρίου ἡμῶν Ἰησοῦ Χριστοῦ ἔμπροσθεν τοῦ θεοῦ καὶ πατρὸς ἡμῶν, εἰδότες, ἀδελφοὶ ἠγαπημένοι ὑπὸ ⸀θεοῦ, τὴν ἐκλογὴν ὑμῶν, ὅτι τὸ εὐαγγέλιον ἡμῶν οὐκ ἐγενήθη εἰς ὑμᾶς ἐν λόγῳ μόνον ἀλλὰ καὶ ἐν δυνάμει καὶ ἐν πνεύματι ἁγίῳ ⸀καὶ πληροφορίᾳ πολλῇ, καθὼς οἴδατε οἷοι ἐγενήθημεν ⸀ἐν ὑμῖν δι’ ὑμᾶς· καὶ ὑμεῖς μιμηταὶ ἡμῶν ἐγενήθητε καὶ τοῦ κυρίου, δεξάμενοι τὸν λόγον ἐν θλίψει πολλῇ μετὰ χαρᾶς πνεύματος ἁγίου, ὥστε γενέσθαι ὑμᾶς ⸀τύπον πᾶσιν τοῖς πιστεύουσιν ἐν τῇ Μακεδονίᾳ καὶ ⸀ἐν τῇ Ἀχαΐᾳ.
8	73	Paul	P1	ἀλλὰ	conjunction	61	52	μόνον	adjective	καὶ	adverb	ὑμῶν,	49	πολλῇ,	71	Εὐχαριστοῦμεν τῷ θεῷ πάντοτε περὶ πάντων ὑμῶν ⸀μνείαν ποιούμενοι ἐπὶ τῶν προσευχῶν ἡμῶν, ἀδιαλείπτως μνημονεύοντες ὑμῶν τοῦ ἔργου τῆς πίστεως καὶ τοῦ κόπου τῆς ἀγάπης καὶ τῆς ὑπομονῆς τῆς ἐλπίδος τοῦ κυρίου ἡμῶν Ἰησοῦ Χριστοῦ ἔμπροσθεν τοῦ θεοῦ καὶ πατρὸς ἡμῶν, εἰδότες, ἀδελφοὶ ἠγαπημένοι ὑπὸ ⸀θεοῦ, τὴν ἐκλογὴν ὑμῶν, ὅτι τὸ εὐαγγέλιον ἡμῶν οὐκ ἐγενήθη εἰς ὑμᾶς ἐν λόγῳ μόνον ἀλλὰ καὶ ἐν δυνάμει καὶ ἐν πνεύματι ἁγίῳ ⸀καὶ πληροφορίᾳ πολλῇ, καθὼς οἴδατε οἷοι ἐγενήθημεν ⸀ἐν ὑμῖν δι’ ὑμᾶς· καὶ ὑμεῖς μιμηταὶ ἡμῶν ἐγενήθητε καὶ τοῦ κυρίου, δεξάμενοι τὸν λόγον ἐν θλίψει πολλῇ μετὰ χαρᾶς πνεύματος ἁγίου, ὥστε γενέσθαι ὑμᾶς ⸀τύπον πᾶσιν τοῖς πιστεύουσιν ἐν τῇ Μακεδονίᾳ καὶ ⸀ἐν τῇ Ἀχαΐᾳ.
9	73	Paul	P1	καὶ	conjunction	65	48	δυνάμει	noun	ἐν	preposition	ὑμῶν,	49	πολλῇ,	71	Εὐχαριστοῦμεν τῷ θεῷ πάντοτε περὶ πάντων ὑμῶν ⸀μνείαν ποιούμενοι ἐπὶ τῶν προσευχῶν ἡμῶν, ἀδιαλείπτως μνημονεύοντες ὑμῶν τοῦ ἔργου τῆς πίστεως καὶ τοῦ κόπου τῆς ἀγάπης καὶ τῆς ὑπομονῆς τῆς ἐλπίδος τοῦ κυρίου ἡμῶν Ἰησοῦ Χριστοῦ ἔμπροσθεν τοῦ θεοῦ καὶ πατρὸς ἡμῶν, εἰδότες, ἀδελφοὶ ἠγαπημένοι ὑπὸ ⸀θεοῦ, τὴν ἐκλογὴν ὑμῶν, ὅτι τὸ εὐαγγέλιον ἡμῶν οὐκ ἐγενήθη εἰς ὑμᾶς ἐν λόγῳ μόνον ἀλλὰ καὶ ἐν δυνάμει καὶ ἐν πνεύματι ἁγίῳ ⸀καὶ πληροφορίᾳ πολλῇ, καθὼς οἴδατε οἷοι ἐγενήθημεν ⸀ἐν ὑμῖν δι’ ὑμᾶς· καὶ ὑμεῖς μιμηταὶ ἡμῶν ἐγενήθητε καὶ τοῦ κυρίου, δεξάμενοι τὸν λόγον ἐν θλίψει πολλῇ μετὰ χαρᾶς πνεύματος ἁγίου, ὥστε γενέσθαι ὑμᾶς ⸀τύπον πᾶσιν τοῖς πιστεύουσιν ἐν τῇ Μακεδονίᾳ καὶ ⸀ἐν τῇ Ἀχαΐᾳ.
10	73	Paul	P1	⸀καὶ	conjunction	69	44	ἁγίῳ	adjective	πληροφορίᾳ	noun	ὑμῶν,	49	πολλῇ,	71	Εὐχαριστοῦμεν τῷ θεῷ πάντοτε περὶ πάντων ὑμῶν ⸀μνείαν ποιούμενοι ἐπὶ τῶν προσευχῶν ἡμῶν, ἀδιαλείπτως μνημονεύοντες ὑμῶν τοῦ ἔργου τῆς πίστεως καὶ τοῦ κόπου τῆς ἀγάπης καὶ τῆς ὑπομονῆς τῆς ἐλπίδος τοῦ κυρίου ἡμῶν Ἰησοῦ Χριστοῦ ἔμπροσθεν τοῦ θεοῦ καὶ πατρὸς ἡμῶν, εἰδότες, ἀδελφοὶ ἠγαπημένοι ὑπὸ ⸀θεοῦ, τὴν ἐκλογὴν ὑμῶν, ὅτι τὸ εὐαγγέλιον ἡμῶν οὐκ ἐγενήθη εἰς ὑμᾶς ἐν λόγῳ μόνον ἀλλὰ καὶ ἐν δυνάμει καὶ ἐν πνεύματι ἁγίῳ ⸀καὶ πληροφορίᾳ πολλῇ, καθὼς οἴδατε οἷοι ἐγενήθημεν ⸀ἐν ὑμῖν δι’ ὑμᾶς· καὶ ὑμεῖς μιμηταὶ ἡμῶν ἐγενήθητε καὶ τοῦ κυρίου, δεξάμενοι τὸν λόγον ἐν θλίψει πολλῇ μετὰ χαρᾶς πνεύματος ἁγίου, ὥστε γενέσθαι ὑμᾶς ⸀τύπον πᾶσιν τοῖς πιστεύουσιν ἐν τῇ Μακεδονίᾳ καὶ ⸀ἐν τῇ Ἀχαΐᾳ.
11	73	Paul	P1	καὶ	conjunction	80	33	ὑμᾶς·	personal pronoun	ὑμεῖς	personal pronoun	ὑμᾶς·	79	κυρίου,	87	Εὐχαριστοῦμεν τῷ θεῷ πάντοτε περὶ πάντων ὑμῶν ⸀μνείαν ποιούμενοι ἐπὶ τῶν προσευχῶν ἡμῶν, ἀδιαλείπτως μνημονεύοντες ὑμῶν τοῦ ἔργου τῆς πίστεως καὶ τοῦ κόπου τῆς ἀγάπης καὶ τῆς ὑπομονῆς τῆς ἐλπίδος τοῦ κυρίου ἡμῶν Ἰησοῦ Χριστοῦ ἔμπροσθεν τοῦ θεοῦ καὶ πατρὸς ἡμῶν, εἰδότες, ἀδελφοὶ ἠγαπημένοι ὑπὸ ⸀θεοῦ, τὴν ἐκλογὴν ὑμῶν, ὅτι τὸ εὐαγγέλιον ἡμῶν οὐκ ἐγενήθη εἰς ὑμᾶς ἐν λόγῳ μόνον ἀλλὰ καὶ ἐν δυνάμει καὶ ἐν πνεύματι ἁγίῳ ⸀καὶ πληροφορίᾳ πολλῇ, καθὼς οἴδατε οἷοι ἐγενήθημεν ⸀ἐν ὑμῖν δι’ ὑμᾶς· καὶ ὑμεῖς μιμηταὶ ἡμῶν ἐγενήθητε καὶ τοῦ κυρίου, δεξάμενοι τὸν λόγον ἐν θλίψει πολλῇ μετὰ χαρᾶς πνεύματος ἁγίου, ὥστε γενέσθαι ὑμᾶς ⸀τύπον πᾶσιν τοῖς πιστεύουσιν ἐν τῇ Μακεδονίᾳ καὶ ⸀ἐν τῇ Ἀχαΐᾳ.
12	73	Paul	P1	καὶ	conjunction	85	28	ἐγενήθητε	verb	τοῦ	article	ὑμᾶς·	79	κυρίου,	87	Εὐχαριστοῦμεν τῷ θεῷ πάντοτε περὶ πάντων ὑμῶν ⸀μνείαν ποιούμενοι ἐπὶ τῶν προσευχῶν ἡμῶν, ἀδιαλείπτως μνημονεύοντες ὑμῶν τοῦ ἔργου τῆς πίστεως καὶ τοῦ κόπου τῆς ἀγάπης καὶ τῆς ὑπομονῆς τῆς ἐλπίδος τοῦ κυρίου ἡμῶν Ἰησοῦ Χριστοῦ ἔμπροσθεν τοῦ θεοῦ καὶ πατρὸς ἡμῶν, εἰδότες, ἀδελφοὶ ἠγαπημένοι ὑπὸ ⸀θεοῦ, τὴν ἐκλογὴν ὑμῶν, ὅτι τὸ εὐαγγέλιον ἡμῶν οὐκ ἐγενήθη εἰς ὑμᾶς ἐν λόγῳ μόνον ἀλλὰ καὶ ἐν δυνάμει καὶ ἐν πνεύματι ἁγίῳ ⸀καὶ πληροφορίᾳ πολλῇ, καθὼς οἴδατε οἷοι ἐγενήθημεν ⸀ἐν ὑμῖν δι’ ὑμᾶς· καὶ ὑμεῖς μιμηταὶ ἡμῶν ἐγενήθητε καὶ τοῦ κυρίου, δεξάμενοι τὸν λόγον ἐν θλίψει πολλῇ μετὰ χαρᾶς πνεύματος ἁγίου, ὥστε γενέσθαι ὑμᾶς ⸀τύπον πᾶσιν τοῖς πιστεύουσιν ἐν τῇ Μακεδονίᾳ καὶ ⸀ἐν τῇ Ἀχαΐᾳ.
13	73	Paul	P1	καὶ	conjunction	108	5	Μακεδονίᾳ	noun	⸀ἐν	preposition	ἁγίου,	97	null	0	Εὐχαριστοῦμεν τῷ θεῷ πάντοτε περὶ πάντων ὑμῶν ⸀μνείαν ποιούμενοι ἐπὶ τῶν προσευχῶν ἡμῶν, ἀδιαλείπτως μνημονεύοντες ὑμῶν τοῦ ἔργου τῆς πίστεως καὶ τοῦ κόπου τῆς ἀγάπης καὶ τῆς ὑπομονῆς τῆς ἐλπίδος τοῦ κυρίου ἡμῶν Ἰησοῦ Χριστοῦ ἔμπροσθεν τοῦ θεοῦ καὶ πατρὸς ἡμῶν, εἰδότες, ἀδελφοὶ ἠγαπημένοι ὑπὸ ⸀θεοῦ, τὴν ἐκλογὴν ὑμῶν, ὅτι τὸ εὐαγγέλιον ἡμῶν οὐκ ἐγενήθη εἰς ὑμᾶς ἐν λόγῳ μόνον ἀλλὰ καὶ ἐν δυνάμει καὶ ἐν πνεύματι ἁγίῳ ⸀καὶ πληροφορίᾳ πολλῇ, καθὼς οἴδατε οἷοι ἐγενήθημεν ⸀ἐν ὑμῖν δι’ ὑμᾶς· καὶ ὑμεῖς μιμηταὶ ἡμῶν ἐγενήθητε καὶ τοῦ κυρίου, δεξάμενοι τὸν λόγον ἐν θλίψει πολλῇ μετὰ χαρᾶς πνεύματος ἁγίου, ὥστε γενέσθαι ὑμᾶς ⸀τύπον πᾶσιν τοῖς πιστεύουσιν ἐν τῇ Μακεδονίᾳ καὶ ⸀ἐν τῇ Ἀχαΐᾳ.
14	73	Paul	P1	γὰρ	conjunction	3	79	ὑμῶν	personal pronoun	ἐξήχηται	verb	null	0	Ἀχαΐᾳ,	15	ἀφ’ ὑμῶν γὰρ ἐξήχηται ὁ λόγος τοῦ κυρίου οὐ μόνον ἐν τῇ Μακεδονίᾳ ⸀καὶ Ἀχαΐᾳ, ⸀ἀλλ’ ἐν παντὶ τόπῳ ἡ πίστις ὑμῶν ἡ πρὸς τὸν θεὸν ἐξελήλυθεν, ὥστε μὴ χρείαν ⸂ἔχειν ἡμᾶς⸃ λαλεῖν τι· αὐτοὶ γὰρ περὶ ἡμῶν ἀπαγγέλλουσιν ὁποίαν εἴσοδον ἔσχομεν πρὸς ὑμᾶς, καὶ πῶς ἐπεστρέψατε πρὸς τὸν θεὸν ἀπὸ τῶν εἰδώλων δουλεύειν θεῷ ζῶντι καὶ ἀληθινῷ, καὶ ἀναμένειν τὸν υἱὸν αὐτοῦ ἐκ τῶν οὐρανῶν, ὃν ἤγειρεν ἐκ τῶν νεκρῶν, Ἰησοῦν τὸν ῥυόμενον ἡμᾶς ⸀ἐκ τῆς ὀργῆς τῆς ἐρχομένης.
15	73	Paul	P1	⸀καὶ	conjunction	14	68	Μακεδονίᾳ	noun	Ἀχαΐᾳ,	noun	null	0	Ἀχαΐᾳ,	15	ἀφ’ ὑμῶν γὰρ ἐξήχηται ὁ λόγος τοῦ κυρίου οὐ μόνον ἐν τῇ Μακεδονίᾳ ⸀καὶ Ἀχαΐᾳ, ⸀ἀλλ’ ἐν παντὶ τόπῳ ἡ πίστις ὑμῶν ἡ πρὸς τὸν θεὸν ἐξελήλυθεν, ὥστε μὴ χρείαν ⸂ἔχειν ἡμᾶς⸃ λαλεῖν τι· αὐτοὶ γὰρ περὶ ἡμῶν ἀπαγγέλλουσιν ὁποίαν εἴσοδον ἔσχομεν πρὸς ὑμᾶς, καὶ πῶς ἐπεστρέψατε πρὸς τὸν θεὸν ἀπὸ τῶν εἰδώλων δουλεύειν θεῷ ζῶντι καὶ ἀληθινῷ, καὶ ἀναμένειν τὸν υἱὸν αὐτοῦ ἐκ τῶν οὐρανῶν, ὃν ἤγειρεν ἐκ τῶν νεκρῶν, Ἰησοῦν τὸν ῥυόμενον ἡμᾶς ⸀ἐκ τῆς ὀργῆς τῆς ἐρχομένης.
16	73	Paul	P1	⸀ἀλλ’	conjunction	16	66	Ἀχαΐᾳ,	noun	ἐν	preposition	Ἀχαΐᾳ,	15	ἐξελήλυθεν,	27	ἀφ’ ὑμῶν γὰρ ἐξήχηται ὁ λόγος τοῦ κυρίου οὐ μόνον ἐν τῇ Μακεδονίᾳ ⸀καὶ Ἀχαΐᾳ, ⸀ἀλλ’ ἐν παντὶ τόπῳ ἡ πίστις ὑμῶν ἡ πρὸς τὸν θεὸν ἐξελήλυθεν, ὥστε μὴ χρείαν ⸂ἔχειν ἡμᾶς⸃ λαλεῖν τι· αὐτοὶ γὰρ περὶ ἡμῶν ἀπαγγέλλουσιν ὁποίαν εἴσοδον ἔσχομεν πρὸς ὑμᾶς, καὶ πῶς ἐπεστρέψατε πρὸς τὸν θεὸν ἀπὸ τῶν εἰδώλων δουλεύειν θεῷ ζῶντι καὶ ἀληθινῷ, καὶ ἀναμένειν τὸν υἱὸν αὐτοῦ ἐκ τῶν οὐρανῶν, ὃν ἤγειρεν ἐκ τῶν νεκρῶν, Ἰησοῦν τὸν ῥυόμενον ἡμᾶς ⸀ἐκ τῆς ὀργῆς τῆς ἐρχομένης.
17	73	Paul	P1	γὰρ	conjunction	36	46	αὐτοὶ	personal pronoun	περὶ	preposition	τι·	34	ὑμᾶς,	44	ἀφ’ ὑμῶν γὰρ ἐξήχηται ὁ λόγος τοῦ κυρίου οὐ μόνον ἐν τῇ Μακεδονίᾳ ⸀καὶ Ἀχαΐᾳ, ⸀ἀλλ’ ἐν παντὶ τόπῳ ἡ πίστις ὑμῶν ἡ πρὸς τὸν θεὸν ἐξελήλυθεν, ὥστε μὴ χρείαν ⸂ἔχειν ἡμᾶς⸃ λαλεῖν τι· αὐτοὶ γὰρ περὶ ἡμῶν ἀπαγγέλλουσιν ὁποίαν εἴσοδον ἔσχομεν πρὸς ὑμᾶς, καὶ πῶς ἐπεστρέψατε πρὸς τὸν θεὸν ἀπὸ τῶν εἰδώλων δουλεύειν θεῷ ζῶντι καὶ ἀληθινῷ, καὶ ἀναμένειν τὸν υἱὸν αὐτοῦ ἐκ τῶν οὐρανῶν, ὃν ἤγειρεν ἐκ τῶν νεκρῶν, Ἰησοῦν τὸν ῥυόμενον ἡμᾶς ⸀ἐκ τῆς ὀργῆς τῆς ἐρχομένης.
18	73	Paul	P1	καὶ	conjunction	45	37	ὑμᾶς,	personal pronoun	πῶς	conjunction	ὑμᾶς,	44	ἀληθινῷ,	58	ἀφ’ ὑμῶν γὰρ ἐξήχηται ὁ λόγος τοῦ κυρίου οὐ μόνον ἐν τῇ Μακεδονίᾳ ⸀καὶ Ἀχαΐᾳ, ⸀ἀλλ’ ἐν παντὶ τόπῳ ἡ πίστις ὑμῶν ἡ πρὸς τὸν θεὸν ἐξελήλυθεν, ὥστε μὴ χρείαν ⸂ἔχειν ἡμᾶς⸃ λαλεῖν τι· αὐτοὶ γὰρ περὶ ἡμῶν ἀπαγγέλλουσιν ὁποίαν εἴσοδον ἔσχομεν πρὸς ὑμᾶς, καὶ πῶς ἐπεστρέψατε πρὸς τὸν θεὸν ἀπὸ τῶν εἰδώλων δουλεύειν θεῷ ζῶντι καὶ ἀληθινῷ, καὶ ἀναμένειν τὸν υἱὸν αὐτοῦ ἐκ τῶν οὐρανῶν, ὃν ἤγειρεν ἐκ τῶν νεκρῶν, Ἰησοῦν τὸν ῥυόμενον ἡμᾶς ⸀ἐκ τῆς ὀργῆς τῆς ἐρχομένης.
19	73	Paul	P1	καὶ	conjunction	57	25	ζῶντι	verb	ἀληθινῷ,	adjective	ὑμᾶς,	44	ἀληθινῷ,	58	ἀφ’ ὑμῶν γὰρ ἐξήχηται ὁ λόγος τοῦ κυρίου οὐ μόνον ἐν τῇ Μακεδονίᾳ ⸀καὶ Ἀχαΐᾳ, ⸀ἀλλ’ ἐν παντὶ τόπῳ ἡ πίστις ὑμῶν ἡ πρὸς τὸν θεὸν ἐξελήλυθεν, ὥστε μὴ χρείαν ⸂ἔχειν ἡμᾶς⸃ λαλεῖν τι· αὐτοὶ γὰρ περὶ ἡμῶν ἀπαγγέλλουσιν ὁποίαν εἴσοδον ἔσχομεν πρὸς ὑμᾶς, καὶ πῶς ἐπεστρέψατε πρὸς τὸν θεὸν ἀπὸ τῶν εἰδώλων δουλεύειν θεῷ ζῶντι καὶ ἀληθινῷ, καὶ ἀναμένειν τὸν υἱὸν αὐτοῦ ἐκ τῶν οὐρανῶν, ὃν ἤγειρεν ἐκ τῶν νεκρῶν, Ἰησοῦν τὸν ῥυόμενον ἡμᾶς ⸀ἐκ τῆς ὀργῆς τῆς ἐρχομένης.
20	73	Paul	P1	καὶ	conjunction	59	23	ἀληθινῷ,	adjective	ἀναμένειν	verb	ἀληθινῷ,	58	οὐρανῶν,	66	ἀφ’ ὑμῶν γὰρ ἐξήχηται ὁ λόγος τοῦ κυρίου οὐ μόνον ἐν τῇ Μακεδονίᾳ ⸀καὶ Ἀχαΐᾳ, ⸀ἀλλ’ ἐν παντὶ τόπῳ ἡ πίστις ὑμῶν ἡ πρὸς τὸν θεὸν ἐξελήλυθεν, ὥστε μὴ χρείαν ⸂ἔχειν ἡμᾶς⸃ λαλεῖν τι· αὐτοὶ γὰρ περὶ ἡμῶν ἀπαγγέλλουσιν ὁποίαν εἴσοδον ἔσχομεν πρὸς ὑμᾶς, καὶ πῶς ἐπεστρέψατε πρὸς τὸν θεὸν ἀπὸ τῶν εἰδώλων δουλεύειν θεῷ ζῶντι καὶ ἀληθινῷ, καὶ ἀναμένειν τὸν υἱὸν αὐτοῦ ἐκ τῶν οὐρανῶν, ὃν ἤγειρεν ἐκ τῶν νεκρῶν, Ἰησοῦν τὸν ῥυόμενον ἡμᾶς ⸀ἐκ τῆς ὀργῆς τῆς ἐρχομένης.
21	73	Paul	P1	γὰρ	conjunction	2	37	Αὐτοὶ	personal pronoun	οἴδατε,	verb	null	0	οἴδατε,	3	Αὐτοὶ γὰρ οἴδατε, ἀδελφοί, τὴν εἴσοδον ἡμῶν τὴν πρὸς ὑμᾶς ὅτι οὐ κενὴ γέγονεν, ἀλλὰ προπαθόντες καὶ ὑβρισθέντες καθὼς οἴδατε ἐν Φιλίπποις ἐπαρρησιασάμεθα ἐν τῷ θεῷ ἡμῶν λαλῆσαι πρὸς ὑμᾶς τὸ εὐαγγέλιον τοῦ θεοῦ ἐν πολλῷ ἀγῶνι.
22	73	Paul	P1	ἀλλὰ	conjunction	15	24	γέγονεν,	verb	προπαθόντες	verb	γέγονεν,	14	null	0	Αὐτοὶ γὰρ οἴδατε, ἀδελφοί, τὴν εἴσοδον ἡμῶν τὴν πρὸς ὑμᾶς ὅτι οὐ κενὴ γέγονεν, ἀλλὰ προπαθόντες καὶ ὑβρισθέντες καθὼς οἴδατε ἐν Φιλίπποις ἐπαρρησιασάμεθα ἐν τῷ θεῷ ἡμῶν λαλῆσαι πρὸς ὑμᾶς τὸ εὐαγγέλιον τοῦ θεοῦ ἐν πολλῷ ἀγῶνι.
23	73	Paul	P1	καὶ	conjunction	17	22	προπαθόντες	verb	ὑβρισθέντες	verb	γέγονεν,	14	null	0	Αὐτοὶ γὰρ οἴδατε, ἀδελφοί, τὴν εἴσοδον ἡμῶν τὴν πρὸς ὑμᾶς ὅτι οὐ κενὴ γέγονεν, ἀλλὰ προπαθόντες καὶ ὑβρισθέντες καθὼς οἴδατε ἐν Φιλίπποις ἐπαρρησιασάμεθα ἐν τῷ θεῷ ἡμῶν λαλῆσαι πρὸς ὑμᾶς τὸ εὐαγγέλιον τοῦ θεοῦ ἐν πολλῷ ἀγῶνι.
24	73	Paul	P1	γὰρ	conjunction	2	35	ἡ	article	παράκλησις	noun	null	0	δόλῳ,	13	ἡ γὰρ παράκλησις ἡμῶν οὐκ ἐκ πλάνης οὐδὲ ἐξ ἀκαθαρσίας ⸀οὐδὲ ἐν δόλῳ, ἀλλὰ καθὼς δεδοκιμάσμεθα ὑπὸ τοῦ θεοῦ πιστευθῆναι τὸ εὐαγγέλιον οὕτως λαλοῦμεν, οὐχ ὡς ἀνθρώποις ἀρέσκοντες ἀλλὰ ⸀θεῷ τῷ δοκιμάζοντι τὰς καρδίας ἡμῶν.
25	73	Paul	P1	ἀλλὰ	conjunction	14	23	δόλῳ,	noun	καθὼς	conjunction	δόλῳ,	13	λαλοῦμεν,	24	ἡ γὰρ παράκλησις ἡμῶν οὐκ ἐκ πλάνης οὐδὲ ἐξ ἀκαθαρσίας ⸀οὐδὲ ἐν δόλῳ, ἀλλὰ καθὼς δεδοκιμάσμεθα ὑπὸ τοῦ θεοῦ πιστευθῆναι τὸ εὐαγγέλιον οὕτως λαλοῦμεν, οὐχ ὡς ἀνθρώποις ἀρέσκοντες ἀλλὰ ⸀θεῷ τῷ δοκιμάζοντι τὰς καρδίας ἡμῶν.
26	73	Paul	P1	ἀλλὰ	conjunction	29	8	ἀρέσκοντες	verb	⸀θεῷ	noun	λαλοῦμεν,	24	null	0	ἡ γὰρ παράκλησις ἡμῶν οὐκ ἐκ πλάνης οὐδὲ ἐξ ἀκαθαρσίας ⸀οὐδὲ ἐν δόλῳ, ἀλλὰ καθὼς δεδοκιμάσμεθα ὑπὸ τοῦ θεοῦ πιστευθῆναι τὸ εὐαγγέλιον οὕτως λαλοῦμεν, οὐχ ὡς ἀνθρώποις ἀρέσκοντες ἀλλὰ ⸀θεῷ τῷ δοκιμάζοντι τὰς καρδίας ἡμῶν.
27	73	Paul	P1	γάρ	conjunction	2	67	οὔτε	conjunction	ποτε	adverb	null	0	ἐγενήθημεν,	7	οὔτε γάρ ποτε ἐν λόγῳ κολακείας ἐγενήθημεν, καθὼς οἴδατε, οὔτε ⸀ἐν προφάσει πλεονεξίας, θεὸς μάρτυς, οὔτε ζητοῦντες ἐξ ἀνθρώπων δόξαν, οὔτε ἀφ’ ὑμῶν οὔτε ἀπ’ ἄλλων, δυνάμενοι ἐν βάρει εἶναι ὡς Χριστοῦ ἀπόστολοι· ἀλλὰ ἐγενήθημεν ⸀ἤπιοι ἐν μέσῳ ὑμῶν, ὡς ⸀ἐὰν τροφὸς θάλπῃ τὰ ἑαυτῆς τέκνα· οὕτως ὁμειρόμενοι ὑμῶν εὐδοκοῦμεν μεταδοῦναι ὑμῖν οὐ μόνον τὸ εὐαγγέλιον τοῦ θεοῦ ἀλλὰ καὶ τὰς ἑαυτῶν ψυχάς, διότι ἀγαπητοὶ ἡμῖν ⸀ἐγενήθητε.
28	73	Paul	P1	ἀλλὰ	conjunction	34	35	ἀπόστολοι·	noun	ἐγενήθημεν	verb	ἀπόστολοι·	33	ὑμῶν,	39	οὔτε γάρ ποτε ἐν λόγῳ κολακείας ἐγενήθημεν, καθὼς οἴδατε, οὔτε ⸀ἐν προφάσει πλεονεξίας, θεὸς μάρτυς, οὔτε ζητοῦντες ἐξ ἀνθρώπων δόξαν, οὔτε ἀφ’ ὑμῶν οὔτε ἀπ’ ἄλλων, δυνάμενοι ἐν βάρει εἶναι ὡς Χριστοῦ ἀπόστολοι· ἀλλὰ ἐγενήθημεν ⸀ἤπιοι ἐν μέσῳ ὑμῶν, ὡς ⸀ἐὰν τροφὸς θάλπῃ τὰ ἑαυτῆς τέκνα· οὕτως ὁμειρόμενοι ὑμῶν εὐδοκοῦμεν μεταδοῦναι ὑμῖν οὐ μόνον τὸ εὐαγγέλιον τοῦ θεοῦ ἀλλὰ καὶ τὰς ἑαυτῶν ψυχάς, διότι ἀγαπητοὶ ἡμῖν ⸀ἐγενήθητε.
29	73	Paul	P1	ἀλλὰ	conjunction	59	10	θεοῦ	noun	καὶ	adverb	τέκνα·	46	ψυχάς,	63	οὔτε γάρ ποτε ἐν λόγῳ κολακείας ἐγενήθημεν, καθὼς οἴδατε, οὔτε ⸀ἐν προφάσει πλεονεξίας, θεὸς μάρτυς, οὔτε ζητοῦντες ἐξ ἀνθρώπων δόξαν, οὔτε ἀφ’ ὑμῶν οὔτε ἀπ’ ἄλλων, δυνάμενοι ἐν βάρει εἶναι ὡς Χριστοῦ ἀπόστολοι· ἀλλὰ ἐγενήθημεν ⸀ἤπιοι ἐν μέσῳ ὑμῶν, ὡς ⸀ἐὰν τροφὸς θάλπῃ τὰ ἑαυτῆς τέκνα· οὕτως ὁμειρόμενοι ὑμῶν εὐδοκοῦμεν μεταδοῦναι ὑμῖν οὐ μόνον τὸ εὐαγγέλιον τοῦ θεοῦ ἀλλὰ καὶ τὰς ἑαυτῶν ψυχάς, διότι ἀγαπητοὶ ἡμῖν ⸀ἐγενήθητε.
30	73	Paul	P1	γάρ,	conjunction	2	26	Μνημονεύετε	verb	ἀδελφοί,	noun	null	0	γάρ,	2	Μνημονεύετε γάρ, ἀδελφοί, τὸν κόπον ἡμῶν καὶ τὸν μόχθον· ⸀νυκτὸς καὶ ἡμέρας ἐργαζόμενοι πρὸς τὸ μὴ ἐπιβαρῆσαί τινα ὑμῶν ἐκηρύξαμεν εἰς ὑμᾶς τὸ εὐαγγέλιον τοῦ θεοῦ.
31	73	Paul	P1	καὶ	conjunction	7	21	ἡμῶν	personal pronoun	τὸν	article	ἀδελφοί,	3	μόχθον·	9	Μνημονεύετε γάρ, ἀδελφοί, τὸν κόπον ἡμῶν καὶ τὸν μόχθον· ⸀νυκτὸς καὶ ἡμέρας ἐργαζόμενοι πρὸς τὸ μὴ ἐπιβαρῆσαί τινα ὑμῶν ἐκηρύξαμεν εἰς ὑμᾶς τὸ εὐαγγέλιον τοῦ θεοῦ.
32	73	Paul	P1	καὶ	conjunction	11	17	⸀νυκτὸς	noun	ἡμέρας	noun	μόχθον·	9	null	0	Μνημονεύετε γάρ, ἀδελφοί, τὸν κόπον ἡμῶν καὶ τὸν μόχθον· ⸀νυκτὸς καὶ ἡμέρας ἐργαζόμενοι πρὸς τὸ μὴ ἐπιβαρῆσαί τινα ὑμῶν ἐκηρύξαμεν εἰς ὑμᾶς τὸ εὐαγγέλιον τοῦ θεοῦ.
33	73	Paul	P1	καὶ	conjunction	3	46	μάρτυρες	noun	ὁ	article	null	0	θεός,	5	ὑμεῖς μάρτυρες καὶ ὁ θεός, ὡς ὁσίως καὶ δικαίως καὶ ἀμέμπτως ὑμῖν τοῖς πιστεύουσιν ἐγενήθημεν, καθάπερ οἴδατε ὡς ἕνα ἕκαστον ὑμῶν ὡς πατὴρ τέκνα ἑαυτοῦ παρακαλοῦντες ὑμᾶς καὶ παραμυθούμενοι καὶ μαρτυρόμενοι, εἰς τὸ ⸀περιπατεῖν ὑμᾶς ἀξίως τοῦ θεοῦ τοῦ καλοῦντος ὑμᾶς εἰς τὴν ἑαυτοῦ βασιλείαν καὶ δόξαν.
34	73	Paul	P1	καὶ	conjunction	8	41	ὁσίως	adverb	δικαίως	adverb	θεός,	5	ἐγενήθημεν,	15	ὑμεῖς μάρτυρες καὶ ὁ θεός, ὡς ὁσίως καὶ δικαίως καὶ ἀμέμπτως ὑμῖν τοῖς πιστεύουσιν ἐγενήθημεν, καθάπερ οἴδατε ὡς ἕνα ἕκαστον ὑμῶν ὡς πατὴρ τέκνα ἑαυτοῦ παρακαλοῦντες ὑμᾶς καὶ παραμυθούμενοι καὶ μαρτυρόμενοι, εἰς τὸ ⸀περιπατεῖν ὑμᾶς ἀξίως τοῦ θεοῦ τοῦ καλοῦντος ὑμᾶς εἰς τὴν ἑαυτοῦ βασιλείαν καὶ δόξαν.
35	73	Paul	P1	καὶ	conjunction	10	39	δικαίως	adverb	ἀμέμπτως	adverb	θεός,	5	ἐγενήθημεν,	15	ὑμεῖς μάρτυρες καὶ ὁ θεός, ὡς ὁσίως καὶ δικαίως καὶ ἀμέμπτως ὑμῖν τοῖς πιστεύουσιν ἐγενήθημεν, καθάπερ οἴδατε ὡς ἕνα ἕκαστον ὑμῶν ὡς πατὴρ τέκνα ἑαυτοῦ παρακαλοῦντες ὑμᾶς καὶ παραμυθούμενοι καὶ μαρτυρόμενοι, εἰς τὸ ⸀περιπατεῖν ὑμᾶς ἀξίως τοῦ θεοῦ τοῦ καλοῦντος ὑμᾶς εἰς τὴν ἑαυτοῦ βασιλείαν καὶ δόξαν.
36	73	Paul	P1	καὶ	conjunction	28	21	ὑμᾶς	personal pronoun	παραμυθούμενοι	verb	ἐγενήθημεν,	15	μαρτυρόμενοι,	31	ὑμεῖς μάρτυρες καὶ ὁ θεός, ὡς ὁσίως καὶ δικαίως καὶ ἀμέμπτως ὑμῖν τοῖς πιστεύουσιν ἐγενήθημεν, καθάπερ οἴδατε ὡς ἕνα ἕκαστον ὑμῶν ὡς πατὴρ τέκνα ἑαυτοῦ παρακαλοῦντες ὑμᾶς καὶ παραμυθούμενοι καὶ μαρτυρόμενοι, εἰς τὸ ⸀περιπατεῖν ὑμᾶς ἀξίως τοῦ θεοῦ τοῦ καλοῦντος ὑμᾶς εἰς τὴν ἑαυτοῦ βασιλείαν καὶ δόξαν.
37	73	Paul	P1	καὶ	conjunction	30	19	παραμυθούμενοι	verb	μαρτυρόμενοι,	verb	ἐγενήθημεν,	15	μαρτυρόμενοι,	31	ὑμεῖς μάρτυρες καὶ ὁ θεός, ὡς ὁσίως καὶ δικαίως καὶ ἀμέμπτως ὑμῖν τοῖς πιστεύουσιν ἐγενήθημεν, καθάπερ οἴδατε ὡς ἕνα ἕκαστον ὑμῶν ὡς πατὴρ τέκνα ἑαυτοῦ παρακαλοῦντες ὑμᾶς καὶ παραμυθούμενοι καὶ μαρτυρόμενοι, εἰς τὸ ⸀περιπατεῖν ὑμᾶς ἀξίως τοῦ θεοῦ τοῦ καλοῦντος ὑμᾶς εἰς τὴν ἑαυτοῦ βασιλείαν καὶ δόξαν.
38	73	Paul	P1	καὶ	conjunction	46	3	βασιλείαν	noun	δόξαν.	noun	μαρτυρόμενοι,	31	null	0	ὑμεῖς μάρτυρες καὶ ὁ θεός, ὡς ὁσίως καὶ δικαίως καὶ ἀμέμπτως ὑμῖν τοῖς πιστεύουσιν ἐγενήθημεν, καθάπερ οἴδατε ὡς ἕνα ἕκαστον ὑμῶν ὡς πατὴρ τέκνα ἑαυτοῦ παρακαλοῦντες ὑμᾶς καὶ παραμυθούμενοι καὶ μαρτυρόμενοι, εἰς τὸ ⸀περιπατεῖν ὑμᾶς ἀξίως τοῦ θεοῦ τοῦ καλοῦντος ὑμᾶς εἰς τὴν ἑαυτοῦ βασιλείαν καὶ δόξαν.
39	73	Paul	P1	⸀Καὶ	conjunction	1	35	βασιλείαν	noun	διὰ	preposition	null	0	ἀδιαλείπτως,	9	⸀Καὶ διὰ τοῦτο καὶ ἡμεῖς εὐχαριστοῦμεν τῷ θεῷ ἀδιαλείπτως, ὅτι παραλαβόντες λόγον ἀκοῆς παρ’ ἡμῶν τοῦ θεοῦ ἐδέξασθε οὐ λόγον ἀνθρώπων ἀλλὰ καθὼς ⸂ἀληθῶς ἐστὶν⸃ λόγον θεοῦ, ὃς καὶ ἐνεργεῖται ἐν ὑμῖν τοῖς πιστεύουσιν.
40	73	Paul	P1	ἀλλὰ	conjunction	22	14	ἀνθρώπων	noun	καθὼς	conjunction	ἀδιαλείπτως,	9	θεοῦ,	27	⸀Καὶ διὰ τοῦτο καὶ ἡμεῖς εὐχαριστοῦμεν τῷ θεῷ ἀδιαλείπτως, ὅτι παραλαβόντες λόγον ἀκοῆς παρ’ ἡμῶν τοῦ θεοῦ ἐδέξασθε οὐ λόγον ἀνθρώπων ἀλλὰ καθὼς ⸂ἀληθῶς ἐστὶν⸃ λόγον θεοῦ, ὃς καὶ ἐνεργεῖται ἐν ὑμῖν τοῖς πιστεύουσιν.
41	73	Paul	P1	γὰρ	conjunction	2	67	ὑμεῖς	personal pronoun	μιμηταὶ	noun	null	0	ἐγενήθητε,	4	ὑμεῖς γὰρ μιμηταὶ ἐγενήθητε, ἀδελφοί, τῶν ἐκκλησιῶν τοῦ θεοῦ τῶν οὐσῶν ἐν τῇ Ἰουδαίᾳ ἐν Χριστῷ Ἰησοῦ, ὅτι τὰ αὐτὰ ἐπάθετε καὶ ὑμεῖς ὑπὸ τῶν ἰδίων συμφυλετῶν καθὼς καὶ αὐτοὶ ὑπὸ τῶν Ἰουδαίων τῶν καὶ τὸν κύριον ἀποκτεινάντων Ἰησοῦν καὶ ⸀τοὺς προφήτας καὶ ἡμᾶς ἐκδιωξάντων, καὶ θεῷ μὴ ἀρεσκόντων, καὶ πᾶσιν ἀνθρώποις ἐναντίων, κωλυόντων ἡμᾶς τοῖς ἔθνεσιν λαλῆσαι ἵνα σωθῶσιν, εἰς τὸ ἀναπληρῶσαι αὐτῶν τὰς ἁμαρτίας πάντοτε.
42	73	Paul	P1	καὶ	conjunction	22	47	ἐπάθετε	verb	ὑμεῖς	personal pronoun	Ἰησοῦ,	17	ἐκδιωξάντων,	45	ὑμεῖς γὰρ μιμηταὶ ἐγενήθητε, ἀδελφοί, τῶν ἐκκλησιῶν τοῦ θεοῦ τῶν οὐσῶν ἐν τῇ Ἰουδαίᾳ ἐν Χριστῷ Ἰησοῦ, ὅτι τὰ αὐτὰ ἐπάθετε καὶ ὑμεῖς ὑπὸ τῶν ἰδίων συμφυλετῶν καθὼς καὶ αὐτοὶ ὑπὸ τῶν Ἰουδαίων τῶν καὶ τὸν κύριον ἀποκτεινάντων Ἰησοῦν καὶ ⸀τοὺς προφήτας καὶ ἡμᾶς ἐκδιωξάντων, καὶ θεῷ μὴ ἀρεσκόντων, καὶ πᾶσιν ἀνθρώποις ἐναντίων, κωλυόντων ἡμᾶς τοῖς ἔθνεσιν λαλῆσαι ἵνα σωθῶσιν, εἰς τὸ ἀναπληρῶσαι αὐτῶν τὰς ἁμαρτίας πάντοτε.
43	73	Paul	P1	καὶ	conjunction	35	34	τῶν	article	τὸν	article	Ἰησοῦ,	17	ἐκδιωξάντων,	45	ὑμεῖς γὰρ μιμηταὶ ἐγενήθητε, ἀδελφοί, τῶν ἐκκλησιῶν τοῦ θεοῦ τῶν οὐσῶν ἐν τῇ Ἰουδαίᾳ ἐν Χριστῷ Ἰησοῦ, ὅτι τὰ αὐτὰ ἐπάθετε καὶ ὑμεῖς ὑπὸ τῶν ἰδίων συμφυλετῶν καθὼς καὶ αὐτοὶ ὑπὸ τῶν Ἰουδαίων τῶν καὶ τὸν κύριον ἀποκτεινάντων Ἰησοῦν καὶ ⸀τοὺς προφήτας καὶ ἡμᾶς ἐκδιωξάντων, καὶ θεῷ μὴ ἀρεσκόντων, καὶ πᾶσιν ἀνθρώποις ἐναντίων, κωλυόντων ἡμᾶς τοῖς ἔθνεσιν λαλῆσαι ἵνα σωθῶσιν, εἰς τὸ ἀναπληρῶσαι αὐτῶν τὰς ἁμαρτίας πάντοτε.
44	73	Paul	P1	καὶ	conjunction	40	29	Ἰησοῦν	noun	⸀τοὺς	article	Ἰησοῦ,	17	ἐκδιωξάντων,	45	ὑμεῖς γὰρ μιμηταὶ ἐγενήθητε, ἀδελφοί, τῶν ἐκκλησιῶν τοῦ θεοῦ τῶν οὐσῶν ἐν τῇ Ἰουδαίᾳ ἐν Χριστῷ Ἰησοῦ, ὅτι τὰ αὐτὰ ἐπάθετε καὶ ὑμεῖς ὑπὸ τῶν ἰδίων συμφυλετῶν καθὼς καὶ αὐτοὶ ὑπὸ τῶν Ἰουδαίων τῶν καὶ τὸν κύριον ἀποκτεινάντων Ἰησοῦν καὶ ⸀τοὺς προφήτας καὶ ἡμᾶς ἐκδιωξάντων, καὶ θεῷ μὴ ἀρεσκόντων, καὶ πᾶσιν ἀνθρώποις ἐναντίων, κωλυόντων ἡμᾶς τοῖς ἔθνεσιν λαλῆσαι ἵνα σωθῶσιν, εἰς τὸ ἀναπληρῶσαι αὐτῶν τὰς ἁμαρτίας πάντοτε.
45	73	Paul	P1	καὶ	conjunction	43	26	προφήτας	noun	ἡμᾶς	personal pronoun	Ἰησοῦ,	17	ἐκδιωξάντων,	45	ὑμεῖς γὰρ μιμηταὶ ἐγενήθητε, ἀδελφοί, τῶν ἐκκλησιῶν τοῦ θεοῦ τῶν οὐσῶν ἐν τῇ Ἰουδαίᾳ ἐν Χριστῷ Ἰησοῦ, ὅτι τὰ αὐτὰ ἐπάθετε καὶ ὑμεῖς ὑπὸ τῶν ἰδίων συμφυλετῶν καθὼς καὶ αὐτοὶ ὑπὸ τῶν Ἰουδαίων τῶν καὶ τὸν κύριον ἀποκτεινάντων Ἰησοῦν καὶ ⸀τοὺς προφήτας καὶ ἡμᾶς ἐκδιωξάντων, καὶ θεῷ μὴ ἀρεσκόντων, καὶ πᾶσιν ἀνθρώποις ἐναντίων, κωλυόντων ἡμᾶς τοῖς ἔθνεσιν λαλῆσαι ἵνα σωθῶσιν, εἰς τὸ ἀναπληρῶσαι αὐτῶν τὰς ἁμαρτίας πάντοτε.
46	73	Paul	P1	καὶ	conjunction	46	23	ἐκδιωξάντων,	verb	θεῷ	noun	ἐκδιωξάντων,	45	ἀρεσκόντων,	49	ὑμεῖς γὰρ μιμηταὶ ἐγενήθητε, ἀδελφοί, τῶν ἐκκλησιῶν τοῦ θεοῦ τῶν οὐσῶν ἐν τῇ Ἰουδαίᾳ ἐν Χριστῷ Ἰησοῦ, ὅτι τὰ αὐτὰ ἐπάθετε καὶ ὑμεῖς ὑπὸ τῶν ἰδίων συμφυλετῶν καθὼς καὶ αὐτοὶ ὑπὸ τῶν Ἰουδαίων τῶν καὶ τὸν κύριον ἀποκτεινάντων Ἰησοῦν καὶ ⸀τοὺς προφήτας καὶ ἡμᾶς ἐκδιωξάντων, καὶ θεῷ μὴ ἀρεσκόντων, καὶ πᾶσιν ἀνθρώποις ἐναντίων, κωλυόντων ἡμᾶς τοῖς ἔθνεσιν λαλῆσαι ἵνα σωθῶσιν, εἰς τὸ ἀναπληρῶσαι αὐτῶν τὰς ἁμαρτίας πάντοτε.
47	73	Paul	P1	καὶ	conjunction	50	19	ἀρεσκόντων,	verb	πᾶσιν	adjective	ἀρεσκόντων,	49	ἐναντίων,	53	ὑμεῖς γὰρ μιμηταὶ ἐγενήθητε, ἀδελφοί, τῶν ἐκκλησιῶν τοῦ θεοῦ τῶν οὐσῶν ἐν τῇ Ἰουδαίᾳ ἐν Χριστῷ Ἰησοῦ, ὅτι τὰ αὐτὰ ἐπάθετε καὶ ὑμεῖς ὑπὸ τῶν ἰδίων συμφυλετῶν καθὼς καὶ αὐτοὶ ὑπὸ τῶν Ἰουδαίων τῶν καὶ τὸν κύριον ἀποκτεινάντων Ἰησοῦν καὶ ⸀τοὺς προφήτας καὶ ἡμᾶς ἐκδιωξάντων, καὶ θεῷ μὴ ἀρεσκόντων, καὶ πᾶσιν ἀνθρώποις ἐναντίων, κωλυόντων ἡμᾶς τοῖς ἔθνεσιν λαλῆσαι ἵνα σωθῶσιν, εἰς τὸ ἀναπληρῶσαι αὐτῶν τὰς ἁμαρτίας πάντοτε.
48	73	Paul	P1	δὲ	conjunction	2	8	ἔφθασεν	verb	ἐπ’	preposition	null	0	null	0	ἔφθασεν δὲ ἐπ’ αὐτοὺς ἡ ⸀ὀργὴ εἰς τέλος.
49	73	Paul	P1	δέ,	conjunction	2	21	Ἡμεῖς	personal pronoun	ἀδελφοί,	noun	null	0	δέ,	2	Ἡμεῖς δέ, ἀδελφοί, ἀπορφανισθέντες ἀφ’ ὑμῶν πρὸς καιρὸν ὥρας, προσώπῳ οὐ καρδίᾳ, περισσοτέρως ἐσπουδάσαμεν τὸ πρόσωπον ὑμῶν ἰδεῖν ἐν πολλῇ ἐπιθυμίᾳ.
50	73	Paul	P1	καὶ	conjunction	9	10	Παῦλος	noun	ἅπαξ	adverb	ὑμᾶς,	5	δίς,	12	⸀διότι ἠθελήσαμεν ἐλθεῖν πρὸς ὑμᾶς, ἐγὼ μὲν Παῦλος καὶ ἅπαξ καὶ δίς, καὶ ἐνέκοψεν ἡμᾶς ὁ Σατανᾶς.
51	73	Paul	P1	καὶ	conjunction	11	8	ἅπαξ	adverb	δίς,	adverb	ὑμᾶς,	5	δίς,	12	⸀διότι ἠθελήσαμεν ἐλθεῖν πρὸς ὑμᾶς, ἐγὼ μὲν Παῦλος καὶ ἅπαξ καὶ δίς, καὶ ἐνέκοψεν ἡμᾶς ὁ Σατανᾶς.
52	73	Paul	P1	καὶ	conjunction	13	6	δίς,	adverb	ἐνέκοψεν	verb	δίς,	12	null	0	⸀διότι ἠθελήσαμεν ἐλθεῖν πρὸς ὑμᾶς, ἐγὼ μὲν Παῦλος καὶ ἅπαξ καὶ δίς, καὶ ἐνέκοψεν ἡμᾶς ὁ Σατανᾶς.
53	73	Paul	P1	γὰρ	conjunction	2	22	τίς	interrogative	ἡμῶν	personal pronoun	null	0	null	0	τίς γὰρ ἡμῶν ἐλπὶς ἢ χαρὰ ἢ στέφανος καυχήσεως— ἢ οὐχὶ καὶ ὑμεῖς— ἔμπροσθεν τοῦ κυρίου ἡμῶν Ἰησοῦ ἐν τῇ αὐτοῦ παρουσίᾳ;
54	73	Paul	P1	γάρ	conjunction	2	9	ὑμεῖς	personal pronoun	ἐστε	verb	null	0	null	0	ὑμεῖς γάρ ἐστε ἡ δόξα ἡμῶν καὶ ἡ χαρά.
55	73	Paul	P1	καὶ	conjunction	7	4	ἡμῶν	personal pronoun	ἡ	article	null	0	null	0	ὑμεῖς γάρ ἐστε ἡ δόξα ἡμῶν καὶ ἡ χαρά.
56	73	Paul	P1	καὶ	conjunction	9	33	μόνοι,	adjective	ἐπέμψαμεν	verb	μόνοι,	8	Τιμόθεον,	11	Διὸ μηκέτι στέγοντες εὐδοκήσαμεν καταλειφθῆναι ἐν Ἀθήναις μόνοι, καὶ ἐπέμψαμεν Τιμόθεον, τὸν ἀδελφὸν ἡμῶν καὶ ⸀συνεργὸν τοῦ ⸀θεοῦ ἐν τῷ εὐαγγελίῳ τοῦ Χριστοῦ, εἰς τὸ στηρίξαι ὑμᾶς καὶ παρακαλέσαι ⸀ὑπὲρ τῆς πίστεως ὑμῶν τὸ μηδένα σαίνεσθαι ἐν ταῖς θλίψεσιν ταύταις.
57	73	Paul	P1	καὶ	conjunction	15	27	ἡμῶν	personal pronoun	⸀συνεργὸν	adjective	Τιμόθεον,	11	Χριστοῦ,	23	Διὸ μηκέτι στέγοντες εὐδοκήσαμεν καταλειφθῆναι ἐν Ἀθήναις μόνοι, καὶ ἐπέμψαμεν Τιμόθεον, τὸν ἀδελφὸν ἡμῶν καὶ ⸀συνεργὸν τοῦ ⸀θεοῦ ἐν τῷ εὐαγγελίῳ τοῦ Χριστοῦ, εἰς τὸ στηρίξαι ὑμᾶς καὶ παρακαλέσαι ⸀ὑπὲρ τῆς πίστεως ὑμῶν τὸ μηδένα σαίνεσθαι ἐν ταῖς θλίψεσιν ταύταις.
58	73	Paul	P1	καὶ	conjunction	28	14	ὑμᾶς	personal pronoun	παρακαλέσαι	verb	Χριστοῦ,	23	null	0	Διὸ μηκέτι στέγοντες εὐδοκήσαμεν καταλειφθῆναι ἐν Ἀθήναις μόνοι, καὶ ἐπέμψαμεν Τιμόθεον, τὸν ἀδελφὸν ἡμῶν καὶ ⸀συνεργὸν τοῦ ⸀θεοῦ ἐν τῷ εὐαγγελίῳ τοῦ Χριστοῦ, εἰς τὸ στηρίξαι ὑμᾶς καὶ παρακαλέσαι ⸀ὑπὲρ τῆς πίστεως ὑμῶν τὸ μηδένα σαίνεσθαι ἐν ταῖς θλίψεσιν ταύταις.
59	73	Paul	P1	γὰρ	conjunction	2	23	αὐτοὶ	personal pronoun	οἴδατε	verb	null	0	κείμεθα·	7	αὐτοὶ γὰρ οἴδατε ὅτι εἰς τοῦτο κείμεθα· καὶ γὰρ ὅτε πρὸς ὑμᾶς ἦμεν, προελέγομεν ὑμῖν ὅτι μέλλομεν θλίβεσθαι, καθὼς καὶ ἐγένετο καὶ οἴδατε.
60	73	Paul	P1	γὰρ	conjunction	9	16	καὶ	adverb	ὅτε	conjunction	κείμεθα·	7	ἦμεν,	13	αὐτοὶ γὰρ οἴδατε ὅτι εἰς τοῦτο κείμεθα· καὶ γὰρ ὅτε πρὸς ὑμᾶς ἦμεν, προελέγομεν ὑμῖν ὅτι μέλλομεν θλίβεσθαι, καθὼς καὶ ἐγένετο καὶ οἴδατε.
61	73	Paul	P1	καὶ	conjunction	22	3	ἐγένετο	verb	οἴδατε.	verb	θλίβεσθαι,	18	null	0	αὐτοὶ γὰρ οἴδατε ὅτι εἰς τοῦτο κείμεθα· καὶ γὰρ ὅτε πρὸς ὑμᾶς ἦμεν, προελέγομεν ὑμῖν ὅτι μέλλομεν θλίβεσθαι, καθὼς καὶ ἐγένετο καὶ οἴδατε.
62	73	Paul	P1	μή	conjunction	13	14	ὑμῶν,	personal pronoun	πως	adverb	ὑμῶν,	12	null	0	διὰ τοῦτο κἀγὼ μηκέτι στέγων ἔπεμψα εἰς τὸ γνῶναι τὴν πίστιν ὑμῶν, μή πως ἐπείρασεν ὑμᾶς ὁ πειράζων καὶ εἰς κενὸν γένηται ὁ κόπος ἡμῶν.
63	73	Paul	P1	καὶ	conjunction	19	8	πειράζων	verb	εἰς	preposition	ὑμῶν,	12	null	0	διὰ τοῦτο κἀγὼ μηκέτι στέγων ἔπεμψα εἰς τὸ γνῶναι τὴν πίστιν ὑμῶν, μή πως ἐπείρασεν ὑμᾶς ὁ πειράζων καὶ εἰς κενὸν γένηται ὁ κόπος ἡμῶν.
64	73	Paul	P1	δὲ	conjunction	2	56	Ἄρτι	adverb	ἐλθόντος	verb	null	0	ὑμῶν,	17	Ἄρτι δὲ ἐλθόντος Τιμοθέου πρὸς ἡμᾶς ἀφ’ ὑμῶν καὶ εὐαγγελισαμένου ἡμῖν τὴν πίστιν καὶ τὴν ἀγάπην ὑμῶν, καὶ ὅτι ἔχετε μνείαν ἡμῶν ἀγαθὴν πάντοτε ἐπιποθοῦντες ἡμᾶς ἰδεῖν καθάπερ καὶ ἡμεῖς ὑμᾶς, διὰ τοῦτο παρεκλήθημεν, ἀδελφοί, ἐφ’ ὑμῖν ἐπὶ πάσῃ τῇ ⸂ἀνάγκῃ καὶ θλίψει⸃ ἡμῶν διὰ τῆς ὑμῶν πίστεως, ὅτι νῦν ζῶμεν ἐὰν ὑμεῖς στήκετε ἐν κυρίῳ.
65	73	Paul	P1	καὶ	conjunction	9	49	ὑμῶν	personal pronoun	εὐαγγελισαμένου	verb	null	0	ὑμῶν,	17	Ἄρτι δὲ ἐλθόντος Τιμοθέου πρὸς ἡμᾶς ἀφ’ ὑμῶν καὶ εὐαγγελισαμένου ἡμῖν τὴν πίστιν καὶ τὴν ἀγάπην ὑμῶν, καὶ ὅτι ἔχετε μνείαν ἡμῶν ἀγαθὴν πάντοτε ἐπιποθοῦντες ἡμᾶς ἰδεῖν καθάπερ καὶ ἡμεῖς ὑμᾶς, διὰ τοῦτο παρεκλήθημεν, ἀδελφοί, ἐφ’ ὑμῖν ἐπὶ πάσῃ τῇ ⸂ἀνάγκῃ καὶ θλίψει⸃ ἡμῶν διὰ τῆς ὑμῶν πίστεως, ὅτι νῦν ζῶμεν ἐὰν ὑμεῖς στήκετε ἐν κυρίῳ.
66	73	Paul	P1	καὶ	conjunction	14	44	πίστιν	noun	τὴν	article	null	0	ὑμῶν,	17	Ἄρτι δὲ ἐλθόντος Τιμοθέου πρὸς ἡμᾶς ἀφ’ ὑμῶν καὶ εὐαγγελισαμένου ἡμῖν τὴν πίστιν καὶ τὴν ἀγάπην ὑμῶν, καὶ ὅτι ἔχετε μνείαν ἡμῶν ἀγαθὴν πάντοτε ἐπιποθοῦντες ἡμᾶς ἰδεῖν καθάπερ καὶ ἡμεῖς ὑμᾶς, διὰ τοῦτο παρεκλήθημεν, ἀδελφοί, ἐφ’ ὑμῖν ἐπὶ πάσῃ τῇ ⸂ἀνάγκῃ καὶ θλίψει⸃ ἡμῶν διὰ τῆς ὑμῶν πίστεως, ὅτι νῦν ζῶμεν ἐὰν ὑμεῖς στήκετε ἐν κυρίῳ.
67	73	Paul	P1	καὶ	conjunction	18	40	ὑμῶν,	personal pronoun	ὅτι	conjunction	ὑμῶν,	17	ὑμᾶς,	31	Ἄρτι δὲ ἐλθόντος Τιμοθέου πρὸς ἡμᾶς ἀφ’ ὑμῶν καὶ εὐαγγελισαμένου ἡμῖν τὴν πίστιν καὶ τὴν ἀγάπην ὑμῶν, καὶ ὅτι ἔχετε μνείαν ἡμῶν ἀγαθὴν πάντοτε ἐπιποθοῦντες ἡμᾶς ἰδεῖν καθάπερ καὶ ἡμεῖς ὑμᾶς, διὰ τοῦτο παρεκλήθημεν, ἀδελφοί, ἐφ’ ὑμῖν ἐπὶ πάσῃ τῇ ⸂ἀνάγκῃ καὶ θλίψει⸃ ἡμῶν διὰ τῆς ὑμῶν πίστεως, ὅτι νῦν ζῶμεν ἐὰν ὑμεῖς στήκετε ἐν κυρίῳ.
68	73	Paul	P1	καὶ	conjunction	42	16	⸂ἀνάγκῃ	noun	θλίψει⸃	noun	ἀδελφοί,	35	πίστεως,	48	Ἄρτι δὲ ἐλθόντος Τιμοθέου πρὸς ἡμᾶς ἀφ’ ὑμῶν καὶ εὐαγγελισαμένου ἡμῖν τὴν πίστιν καὶ τὴν ἀγάπην ὑμῶν, καὶ ὅτι ἔχετε μνείαν ἡμῶν ἀγαθὴν πάντοτε ἐπιποθοῦντες ἡμᾶς ἰδεῖν καθάπερ καὶ ἡμεῖς ὑμᾶς, διὰ τοῦτο παρεκλήθημεν, ἀδελφοί, ἐφ’ ὑμῖν ἐπὶ πάσῃ τῇ ⸂ἀνάγκῃ καὶ θλίψει⸃ ἡμῶν διὰ τῆς ὑμῶν πίστεως, ὅτι νῦν ζῶμεν ἐὰν ὑμεῖς στήκετε ἐν κυρίῳ.
69	73	Paul	P1	γὰρ	conjunction	2	39	τίνα	interrogative	εὐχαριστίαν	noun	null	0	ἡμῶν,	21	τίνα γὰρ εὐχαριστίαν δυνάμεθα τῷ θεῷ ἀνταποδοῦναι περὶ ὑμῶν ἐπὶ πάσῃ τῇ χαρᾷ ᾗ χαίρομεν δι’ ὑμᾶς ἔμπροσθεν τοῦ θεοῦ ἡμῶν, νυκτὸς καὶ ἡμέρας ὑπερεκπερισσοῦ δεόμενοι εἰς τὸ ἰδεῖν ὑμῶν τὸ πρόσωπον καὶ καταρτίσαι τὰ ὑστερήματα τῆς πίστεως ὑμῶν;
70	73	Paul	P1	καὶ	conjunction	23	18	νυκτὸς	noun	ἡμέρας	noun	ἡμῶν,	21	null	0	τίνα γὰρ εὐχαριστίαν δυνάμεθα τῷ θεῷ ἀνταποδοῦναι περὶ ὑμῶν ἐπὶ πάσῃ τῇ χαρᾷ ᾗ χαίρομεν δι’ ὑμᾶς ἔμπροσθεν τοῦ θεοῦ ἡμῶν, νυκτὸς καὶ ἡμέρας ὑπερεκπερισσοῦ δεόμενοι εἰς τὸ ἰδεῖν ὑμῶν τὸ πρόσωπον καὶ καταρτίσαι τὰ ὑστερήματα τῆς πίστεως ὑμῶν;
71	73	Paul	P1	καὶ	conjunction	33	8	πρόσωπον	noun	καταρτίσαι	verb	ἡμῶν,	21	null	0	τίνα γὰρ εὐχαριστίαν δυνάμεθα τῷ θεῷ ἀνταποδοῦναι περὶ ὑμῶν ἐπὶ πάσῃ τῇ χαρᾷ ᾗ χαίρομεν δι’ ὑμᾶς ἔμπροσθεν τοῦ θεοῦ ἡμῶν, νυκτὸς καὶ ἡμέρας ὑπερεκπερισσοῦ δεόμενοι εἰς τὸ ἰδεῖν ὑμῶν τὸ πρόσωπον καὶ καταρτίσαι τὰ ὑστερήματα τῆς πίστεως ὑμῶν;
72	73	Paul	P1	δὲ	conjunction	2	64	Αὐτὸς	personal pronoun	ὁ	article	null	0	ὑμᾶς·	18	Αὐτὸς δὲ ὁ θεὸς καὶ πατὴρ ἡμῶν καὶ ὁ κύριος ἡμῶν ⸀Ἰησοῦς κατευθύναι τὴν ὁδὸν ἡμῶν πρὸς ὑμᾶς· ὑμᾶς δὲ ὁ κύριος πλεονάσαι καὶ περισσεύσαι τῇ ἀγάπῃ εἰς ἀλλήλους καὶ εἰς πάντας, καθάπερ καὶ ἡμεῖς εἰς ὑμᾶς, εἰς τὸ στηρίξαι ὑμῶν τὰς καρδίας ἀμέμπτους ἐν ἁγιωσύνῃ ἔμπροσθεν τοῦ θεοῦ καὶ πατρὸς ἡμῶν ἐν τῇ παρουσίᾳ τοῦ κυρίου ἡμῶν ⸀Ἰησοῦ μετὰ πάντων τῶν ἁγίων ⸀αὐτοῦ.
73	73	Paul	P1	καὶ	conjunction	5	61	θεὸς	noun	πατὴρ	noun	null	0	ὑμᾶς·	18	Αὐτὸς δὲ ὁ θεὸς καὶ πατὴρ ἡμῶν καὶ ὁ κύριος ἡμῶν ⸀Ἰησοῦς κατευθύναι τὴν ὁδὸν ἡμῶν πρὸς ὑμᾶς· ὑμᾶς δὲ ὁ κύριος πλεονάσαι καὶ περισσεύσαι τῇ ἀγάπῃ εἰς ἀλλήλους καὶ εἰς πάντας, καθάπερ καὶ ἡμεῖς εἰς ὑμᾶς, εἰς τὸ στηρίξαι ὑμῶν τὰς καρδίας ἀμέμπτους ἐν ἁγιωσύνῃ ἔμπροσθεν τοῦ θεοῦ καὶ πατρὸς ἡμῶν ἐν τῇ παρουσίᾳ τοῦ κυρίου ἡμῶν ⸀Ἰησοῦ μετὰ πάντων τῶν ἁγίων ⸀αὐτοῦ.
74	73	Paul	P1	καὶ	conjunction	8	58	ἡμῶν	personal pronoun	ὁ	article	null	0	ὑμᾶς·	18	Αὐτὸς δὲ ὁ θεὸς καὶ πατὴρ ἡμῶν καὶ ὁ κύριος ἡμῶν ⸀Ἰησοῦς κατευθύναι τὴν ὁδὸν ἡμῶν πρὸς ὑμᾶς· ὑμᾶς δὲ ὁ κύριος πλεονάσαι καὶ περισσεύσαι τῇ ἀγάπῃ εἰς ἀλλήλους καὶ εἰς πάντας, καθάπερ καὶ ἡμεῖς εἰς ὑμᾶς, εἰς τὸ στηρίξαι ὑμῶν τὰς καρδίας ἀμέμπτους ἐν ἁγιωσύνῃ ἔμπροσθεν τοῦ θεοῦ καὶ πατρὸς ἡμῶν ἐν τῇ παρουσίᾳ τοῦ κυρίου ἡμῶν ⸀Ἰησοῦ μετὰ πάντων τῶν ἁγίων ⸀αὐτοῦ.
75	73	Paul	P1	δὲ	conjunction	20	46	ὑμᾶς	personal pronoun	ὁ	article	ὑμᾶς·	18	πάντας,	32	Αὐτὸς δὲ ὁ θεὸς καὶ πατὴρ ἡμῶν καὶ ὁ κύριος ἡμῶν ⸀Ἰησοῦς κατευθύναι τὴν ὁδὸν ἡμῶν πρὸς ὑμᾶς· ὑμᾶς δὲ ὁ κύριος πλεονάσαι καὶ περισσεύσαι τῇ ἀγάπῃ εἰς ἀλλήλους καὶ εἰς πάντας, καθάπερ καὶ ἡμεῖς εἰς ὑμᾶς, εἰς τὸ στηρίξαι ὑμῶν τὰς καρδίας ἀμέμπτους ἐν ἁγιωσύνῃ ἔμπροσθεν τοῦ θεοῦ καὶ πατρὸς ἡμῶν ἐν τῇ παρουσίᾳ τοῦ κυρίου ἡμῶν ⸀Ἰησοῦ μετὰ πάντων τῶν ἁγίων ⸀αὐτοῦ.
76	73	Paul	P1	καὶ	conjunction	24	42	πλεονάσαι	verb	περισσεύσαι	verb	ὑμᾶς·	18	πάντας,	32	Αὐτὸς δὲ ὁ θεὸς καὶ πατὴρ ἡμῶν καὶ ὁ κύριος ἡμῶν ⸀Ἰησοῦς κατευθύναι τὴν ὁδὸν ἡμῶν πρὸς ὑμᾶς· ὑμᾶς δὲ ὁ κύριος πλεονάσαι καὶ περισσεύσαι τῇ ἀγάπῃ εἰς ἀλλήλους καὶ εἰς πάντας, καθάπερ καὶ ἡμεῖς εἰς ὑμᾶς, εἰς τὸ στηρίξαι ὑμῶν τὰς καρδίας ἀμέμπτους ἐν ἁγιωσύνῃ ἔμπροσθεν τοῦ θεοῦ καὶ πατρὸς ἡμῶν ἐν τῇ παρουσίᾳ τοῦ κυρίου ἡμῶν ⸀Ἰησοῦ μετὰ πάντων τῶν ἁγίων ⸀αὐτοῦ.
77	73	Paul	P1	καὶ	conjunction	30	36	ἀλλήλους	personal pronoun	εἰς	preposition	ὑμᾶς·	18	πάντας,	32	Αὐτὸς δὲ ὁ θεὸς καὶ πατὴρ ἡμῶν καὶ ὁ κύριος ἡμῶν ⸀Ἰησοῦς κατευθύναι τὴν ὁδὸν ἡμῶν πρὸς ὑμᾶς· ὑμᾶς δὲ ὁ κύριος πλεονάσαι καὶ περισσεύσαι τῇ ἀγάπῃ εἰς ἀλλήλους καὶ εἰς πάντας, καθάπερ καὶ ἡμεῖς εἰς ὑμᾶς, εἰς τὸ στηρίξαι ὑμῶν τὰς καρδίας ἀμέμπτους ἐν ἁγιωσύνῃ ἔμπροσθεν τοῦ θεοῦ καὶ πατρὸς ἡμῶν ἐν τῇ παρουσίᾳ τοῦ κυρίου ἡμῶν ⸀Ἰησοῦ μετὰ πάντων τῶν ἁγίων ⸀αὐτοῦ.
78	73	Paul	P1	καὶ	conjunction	50	16	θεοῦ	noun	πατρὸς	noun	ὑμᾶς,	37	null	0	Αὐτὸς δὲ ὁ θεὸς καὶ πατὴρ ἡμῶν καὶ ὁ κύριος ἡμῶν ⸀Ἰησοῦς κατευθύναι τὴν ὁδὸν ἡμῶν πρὸς ὑμᾶς· ὑμᾶς δὲ ὁ κύριος πλεονάσαι καὶ περισσεύσαι τῇ ἀγάπῃ εἰς ἀλλήλους καὶ εἰς πάντας, καθάπερ καὶ ἡμεῖς εἰς ὑμᾶς, εἰς τὸ στηρίξαι ὑμῶν τὰς καρδίας ἀμέμπτους ἐν ἁγιωσύνῃ ἔμπροσθεν τοῦ θεοῦ καὶ πατρὸς ἡμῶν ἐν τῇ παρουσίᾳ τοῦ κυρίου ἡμῶν ⸀Ἰησοῦ μετὰ πάντων τῶν ἁγίων ⸀αὐτοῦ.
79	73	Paul	P1	⸀οὖν,	conjunction	2	29	Λοιπὸν	adjective	ἀδελφοί,	noun	null	0	⸀οὖν,	2	Λοιπὸν ⸀οὖν, ἀδελφοί, ἐρωτῶμεν ὑμᾶς καὶ παρακαλοῦμεν ἐν κυρίῳ Ἰησοῦ, ⸀ἵνα καθὼς παρελάβετε παρ’ ἡμῶν τὸ πῶς δεῖ ὑμᾶς περιπατεῖν καὶ ἀρέσκειν θεῷ, ⸂καθὼς καὶ περιπατεῖτε⸃, ἵνα περισσεύητε μᾶλλον.
80	73	Paul	P1	καὶ	conjunction	6	25	ὑμᾶς	personal pronoun	παρακαλοῦμεν	verb	ἀδελφοί,	3	Ἰησοῦ,	10	Λοιπὸν ⸀οὖν, ἀδελφοί, ἐρωτῶμεν ὑμᾶς καὶ παρακαλοῦμεν ἐν κυρίῳ Ἰησοῦ, ⸀ἵνα καθὼς παρελάβετε παρ’ ἡμῶν τὸ πῶς δεῖ ὑμᾶς περιπατεῖν καὶ ἀρέσκειν θεῷ, ⸂καθὼς καὶ περιπατεῖτε⸃, ἵνα περισσεύητε μᾶλλον.
81	73	Paul	P1	καὶ	conjunction	21	10	περιπατεῖν	verb	ἀρέσκειν	verb	Ἰησοῦ,	10	θεῷ,	23	Λοιπὸν ⸀οὖν, ἀδελφοί, ἐρωτῶμεν ὑμᾶς καὶ παρακαλοῦμεν ἐν κυρίῳ Ἰησοῦ, ⸀ἵνα καθὼς παρελάβετε παρ’ ἡμῶν τὸ πῶς δεῖ ὑμᾶς περιπατεῖν καὶ ἀρέσκειν θεῷ, ⸂καθὼς καὶ περιπατεῖτε⸃, ἵνα περισσεύητε μᾶλλον.
82	73	Paul	P1	γὰρ	conjunction	2	10	οἴδατε	verb	τίνας	interrogative	null	0	null	0	οἴδατε γὰρ τίνας παραγγελίας ἐδώκαμεν ὑμῖν διὰ τοῦ κυρίου Ἰησοῦ.
83	73	Paul	P1	γάρ	conjunction	2	61	τοῦτο	demonstrative	ἐστιν	verb	null	0	θεοῦ,	6	τοῦτο γάρ ἐστιν θέλημα τοῦ θεοῦ, ὁ ἁγιασμὸς ὑμῶν, ἀπέχεσθαι ὑμᾶς ἀπὸ τῆς πορνείας, εἰδέναι ἕκαστον ὑμῶν τὸ ἑαυτοῦ σκεῦος κτᾶσθαι ἐν ἁγιασμῷ καὶ τιμῇ, μὴ ἐν πάθει ἐπιθυμίας καθάπερ καὶ τὰ ἔθνη τὰ μὴ εἰδότα τὸν θεόν, τὸ μὴ ὑπερβαίνειν καὶ πλεονεκτεῖν ἐν τῷ πράγματι τὸν ἀδελφὸν αὐτοῦ, διότι ἔκδικος ⸀κύριος περὶ πάντων τούτων, καθὼς καὶ προείπαμεν ὑμῖν καὶ διεμαρτυράμεθα.
84	73	Paul	P1	καὶ	conjunction	24	39	ἁγιασμῷ	noun	τιμῇ,	noun	πορνείας,	14	τιμῇ,	25	τοῦτο γάρ ἐστιν θέλημα τοῦ θεοῦ, ὁ ἁγιασμὸς ὑμῶν, ἀπέχεσθαι ὑμᾶς ἀπὸ τῆς πορνείας, εἰδέναι ἕκαστον ὑμῶν τὸ ἑαυτοῦ σκεῦος κτᾶσθαι ἐν ἁγιασμῷ καὶ τιμῇ, μὴ ἐν πάθει ἐπιθυμίας καθάπερ καὶ τὰ ἔθνη τὰ μὴ εἰδότα τὸν θεόν, τὸ μὴ ὑπερβαίνειν καὶ πλεονεκτεῖν ἐν τῷ πράγματι τὸν ἀδελφὸν αὐτοῦ, διότι ἔκδικος ⸀κύριος περὶ πάντων τούτων, καθὼς καὶ προείπαμεν ὑμῖν καὶ διεμαρτυράμεθα.
85	73	Paul	P1	καὶ	conjunction	42	21	ὑπερβαίνειν	verb	πλεονεκτεῖν	verb	θεόν,	38	αὐτοῦ,	49	τοῦτο γάρ ἐστιν θέλημα τοῦ θεοῦ, ὁ ἁγιασμὸς ὑμῶν, ἀπέχεσθαι ὑμᾶς ἀπὸ τῆς πορνείας, εἰδέναι ἕκαστον ὑμῶν τὸ ἑαυτοῦ σκεῦος κτᾶσθαι ἐν ἁγιασμῷ καὶ τιμῇ, μὴ ἐν πάθει ἐπιθυμίας καθάπερ καὶ τὰ ἔθνη τὰ μὴ εἰδότα τὸν θεόν, τὸ μὴ ὑπερβαίνειν καὶ πλεονεκτεῖν ἐν τῷ πράγματι τὸν ἀδελφὸν αὐτοῦ, διότι ἔκδικος ⸀κύριος περὶ πάντων τούτων, καθὼς καὶ προείπαμεν ὑμῖν καὶ διεμαρτυράμεθα.
86	73	Paul	P1	καὶ	conjunction	57	6	καθὼς	conjunction	προείπαμεν	verb	τούτων,	55	null	0	τοῦτο γάρ ἐστιν θέλημα τοῦ θεοῦ, ὁ ἁγιασμὸς ὑμῶν, ἀπέχεσθαι ὑμᾶς ἀπὸ τῆς πορνείας, εἰδέναι ἕκαστον ὑμῶν τὸ ἑαυτοῦ σκεῦος κτᾶσθαι ἐν ἁγιασμῷ καὶ τιμῇ, μὴ ἐν πάθει ἐπιθυμίας καθάπερ καὶ τὰ ἔθνη τὰ μὴ εἰδότα τὸν θεόν, τὸ μὴ ὑπερβαίνειν καὶ πλεονεκτεῖν ἐν τῷ πράγματι τὸν ἀδελφὸν αὐτοῦ, διότι ἔκδικος ⸀κύριος περὶ πάντων τούτων, καθὼς καὶ προείπαμεν ὑμῖν καὶ διεμαρτυράμεθα.
87	73	Paul	P1	καὶ	conjunction	60	3	ὑμῖν	personal pronoun	διεμαρτυράμεθα.	verb	τούτων,	55	null	0	τοῦτο γάρ ἐστιν θέλημα τοῦ θεοῦ, ὁ ἁγιασμὸς ὑμῶν, ἀπέχεσθαι ὑμᾶς ἀπὸ τῆς πορνείας, εἰδέναι ἕκαστον ὑμῶν τὸ ἑαυτοῦ σκεῦος κτᾶσθαι ἐν ἁγιασμῷ καὶ τιμῇ, μὴ ἐν πάθει ἐπιθυμίας καθάπερ καὶ τὰ ἔθνη τὰ μὴ εἰδότα τὸν θεόν, τὸ μὴ ὑπερβαίνειν καὶ πλεονεκτεῖν ἐν τῷ πράγματι τὸν ἀδελφὸν αὐτοῦ, διότι ἔκδικος ⸀κύριος περὶ πάντων τούτων, καθὼς καὶ προείπαμεν ὑμῖν καὶ διεμαρτυράμεθα.
88	73	Paul	P1	γὰρ	conjunction	2	11	οὐ	adverb	ἐκάλεσεν	verb	null	0	null	0	οὐ γὰρ ἐκάλεσεν ἡμᾶς ὁ θεὸς ἐπὶ ἀκαθαρσίᾳ ἀλλ’ ἐν ἁγιασμῷ.
89	73	Paul	P1	ἀλλ’	conjunction	9	4	ἀκαθαρσίᾳ	noun	ἐν	preposition	null	0	null	0	οὐ γὰρ ἐκάλεσεν ἡμᾶς ὁ θεὸς ἐπὶ ἀκαθαρσίᾳ ἀλλ’ ἐν ἁγιασμῷ.
90	73	Paul	P1	τοιγαροῦν	conjunction	1	20	ἀκαθαρσίᾳ	noun	ὁ	article	null	0	null	0	τοιγαροῦν ὁ ἀθετῶν οὐκ ἄνθρωπον ἀθετεῖ ἀλλὰ τὸν θεὸν τὸν ⸀καὶ ⸀διδόντα τὸ πνεῦμα αὐτοῦ τὸ ἅγιον εἰς ὑμᾶς.
91	73	Paul	P1	ἀλλὰ	conjunction	7	14	ἀθετεῖ	verb	τὸν	article	null	0	null	0	τοιγαροῦν ὁ ἀθετῶν οὐκ ἄνθρωπον ἀθετεῖ ἀλλὰ τὸν θεὸν τὸν ⸀καὶ ⸀διδόντα τὸ πνεῦμα αὐτοῦ τὸ ἅγιον εἰς ὑμᾶς.
92	73	Paul	P1	δὲ	conjunction	2	31	Περὶ	preposition	τῆς	article	null	0	ὑμῖν,	9	Περὶ δὲ τῆς φιλαδελφίας οὐ χρείαν ἔχετε γράφειν ὑμῖν, αὐτοὶ γὰρ ὑμεῖς θεοδίδακτοί ἐστε εἰς τὸ ἀγαπᾶν ἀλλήλους· καὶ γὰρ ποιεῖτε αὐτὸ εἰς πάντας τοὺς ἀδελφοὺς τοὺς ἐν ὅλῃ τῇ Μακεδονίᾳ.
93	73	Paul	P1	γὰρ	conjunction	11	22	αὐτοὶ	personal pronoun	ὑμεῖς	personal pronoun	ὑμῖν,	9	ἀλλήλους·	18	Περὶ δὲ τῆς φιλαδελφίας οὐ χρείαν ἔχετε γράφειν ὑμῖν, αὐτοὶ γὰρ ὑμεῖς θεοδίδακτοί ἐστε εἰς τὸ ἀγαπᾶν ἀλλήλους· καὶ γὰρ ποιεῖτε αὐτὸ εἰς πάντας τοὺς ἀδελφοὺς τοὺς ἐν ὅλῃ τῇ Μακεδονίᾳ.
94	73	Paul	P1	γὰρ	conjunction	20	13	καὶ	adverb	ποιεῖτε	verb	ἀλλήλους·	18	null	0	Περὶ δὲ τῆς φιλαδελφίας οὐ χρείαν ἔχετε γράφειν ὑμῖν, αὐτοὶ γὰρ ὑμεῖς θεοδίδακτοί ἐστε εἰς τὸ ἀγαπᾶν ἀλλήλους· καὶ γὰρ ποιεῖτε αὐτὸ εἰς πάντας τοὺς ἀδελφοὺς τοὺς ἐν ὅλῃ τῇ Μακεδονίᾳ.
95	73	Paul	P1	δὲ	conjunction	2	31	παρακαλοῦμεν	verb	ὑμᾶς,	personal pronoun	null	0	ὑμᾶς,	3	παρακαλοῦμεν δὲ ὑμᾶς, ἀδελφοί, περισσεύειν μᾶλλον, καὶ φιλοτιμεῖσθαι ἡσυχάζειν καὶ πράσσειν τὰ ἴδια καὶ ἐργάζεσθαι ⸀ταῖς χερσὶν ὑμῶν, καθὼς ὑμῖν παρηγγείλαμεν, ἵνα περιπατῆτε εὐσχημόνως πρὸς τοὺς ἔξω καὶ μηδενὸς χρείαν ἔχητε.
96	73	Paul	P1	καὶ	conjunction	7	26	μᾶλλον,	adverb	φιλοτιμεῖσθαι	verb	μᾶλλον,	6	ὑμῶν,	18	παρακαλοῦμεν δὲ ὑμᾶς, ἀδελφοί, περισσεύειν μᾶλλον, καὶ φιλοτιμεῖσθαι ἡσυχάζειν καὶ πράσσειν τὰ ἴδια καὶ ἐργάζεσθαι ⸀ταῖς χερσὶν ὑμῶν, καθὼς ὑμῖν παρηγγείλαμεν, ἵνα περιπατῆτε εὐσχημόνως πρὸς τοὺς ἔξω καὶ μηδενὸς χρείαν ἔχητε.
97	73	Paul	P1	καὶ	conjunction	10	23	ἡσυχάζειν	verb	πράσσειν	verb	μᾶλλον,	6	ὑμῶν,	18	παρακαλοῦμεν δὲ ὑμᾶς, ἀδελφοί, περισσεύειν μᾶλλον, καὶ φιλοτιμεῖσθαι ἡσυχάζειν καὶ πράσσειν τὰ ἴδια καὶ ἐργάζεσθαι ⸀ταῖς χερσὶν ὑμῶν, καθὼς ὑμῖν παρηγγείλαμεν, ἵνα περιπατῆτε εὐσχημόνως πρὸς τοὺς ἔξω καὶ μηδενὸς χρείαν ἔχητε.
98	73	Paul	P1	καὶ	conjunction	14	19	ἴδια	adjective	ἐργάζεσθαι	verb	μᾶλλον,	6	ὑμῶν,	18	παρακαλοῦμεν δὲ ὑμᾶς, ἀδελφοί, περισσεύειν μᾶλλον, καὶ φιλοτιμεῖσθαι ἡσυχάζειν καὶ πράσσειν τὰ ἴδια καὶ ἐργάζεσθαι ⸀ταῖς χερσὶν ὑμῶν, καθὼς ὑμῖν παρηγγείλαμεν, ἵνα περιπατῆτε εὐσχημόνως πρὸς τοὺς ἔξω καὶ μηδενὸς χρείαν ἔχητε.
99	73	Paul	P1	καὶ	conjunction	28	5	ἔξω	adverb	μηδενὸς	adjective	παρηγγείλαμεν,	21	null	0	παρακαλοῦμεν δὲ ὑμᾶς, ἀδελφοί, περισσεύειν μᾶλλον, καὶ φιλοτιμεῖσθαι ἡσυχάζειν καὶ πράσσειν τὰ ἴδια καὶ ἐργάζεσθαι ⸀ταῖς χερσὶν ὑμῶν, καθὼς ὑμῖν παρηγγείλαμεν, ἵνα περιπατῆτε εὐσχημόνως πρὸς τοὺς ἔξω καὶ μηδενὸς χρείαν ἔχητε.
100	73	Paul	P1	δὲ	conjunction	3	19	θέλομεν	verb	ὑμᾶς	personal pronoun	null	0	ἀγνοεῖν,	5	Οὐ θέλομεν δὲ ὑμᾶς ἀγνοεῖν, ἀδελφοί, περὶ τῶν ⸀κοιμωμένων, ἵνα μὴ λυπῆσθε καθὼς καὶ οἱ λοιποὶ οἱ μὴ ἔχοντες ἐλπίδα.
101	73	Paul	P1	γὰρ	conjunction	2	20	εἰ	conjunction	πιστεύομεν	verb	null	0	ἀνέστη,	8	εἰ γὰρ πιστεύομεν ὅτι Ἰησοῦς ἀπέθανεν καὶ ἀνέστη, οὕτως καὶ ὁ θεὸς τοὺς κοιμηθέντας διὰ τοῦ Ἰησοῦ ἄξει σὺν αὐτῷ.
102	73	Paul	P1	καὶ	conjunction	7	15	ἀπέθανεν	verb	ἀνέστη,	verb	null	0	ἀνέστη,	8	εἰ γὰρ πιστεύομεν ὅτι Ἰησοῦς ἀπέθανεν καὶ ἀνέστη, οὕτως καὶ ὁ θεὸς τοὺς κοιμηθέντας διὰ τοῦ Ἰησοῦ ἄξει σὺν αὐτῷ.
103	73	Paul	P1	γὰρ	conjunction	2	70	τοῦτο	demonstrative	ὑμῖν	personal pronoun	null	0	κυρίου,	7	τοῦτο γὰρ ὑμῖν λέγομεν ἐν λόγῳ κυρίου, ὅτι ἡμεῖς οἱ ζῶντες οἱ περιλειπόμενοι εἰς τὴν παρουσίαν τοῦ κυρίου οὐ μὴ φθάσωμεν τοὺς κοιμηθέντας· ὅτι αὐτὸς ὁ κύριος ἐν κελεύσματι, ἐν φωνῇ ἀρχαγγέλου καὶ ἐν σάλπιγγι θεοῦ, καταβήσεται ἀπ’ οὐρανοῦ, καὶ οἱ νεκροὶ ἐν Χριστῷ ἀναστήσονται πρῶτον, ἔπειτα ἡμεῖς οἱ ζῶντες οἱ περιλειπόμενοι ἅμα σὺν αὐτοῖς ἁρπαγησόμεθα ἐν νεφέλαις εἰς ἀπάντησιν τοῦ κυρίου εἰς ἀέρα· καὶ οὕτως πάντοτε σὺν κυρίῳ ἐσόμεθα.
104	73	Paul	P1	καὶ	conjunction	33	39	ἀρχαγγέλου	noun	ἐν	preposition	κελεύσματι,	29	θεοῦ,	36	τοῦτο γὰρ ὑμῖν λέγομεν ἐν λόγῳ κυρίου, ὅτι ἡμεῖς οἱ ζῶντες οἱ περιλειπόμενοι εἰς τὴν παρουσίαν τοῦ κυρίου οὐ μὴ φθάσωμεν τοὺς κοιμηθέντας· ὅτι αὐτὸς ὁ κύριος ἐν κελεύσματι, ἐν φωνῇ ἀρχαγγέλου καὶ ἐν σάλπιγγι θεοῦ, καταβήσεται ἀπ’ οὐρανοῦ, καὶ οἱ νεκροὶ ἐν Χριστῷ ἀναστήσονται πρῶτον, ἔπειτα ἡμεῖς οἱ ζῶντες οἱ περιλειπόμενοι ἅμα σὺν αὐτοῖς ἁρπαγησόμεθα ἐν νεφέλαις εἰς ἀπάντησιν τοῦ κυρίου εἰς ἀέρα· καὶ οὕτως πάντοτε σὺν κυρίῳ ἐσόμεθα.
105	73	Paul	P1	καὶ	conjunction	40	32	οὐρανοῦ,	noun	οἱ	article	οὐρανοῦ,	39	πρῶτον,	46	τοῦτο γὰρ ὑμῖν λέγομεν ἐν λόγῳ κυρίου, ὅτι ἡμεῖς οἱ ζῶντες οἱ περιλειπόμενοι εἰς τὴν παρουσίαν τοῦ κυρίου οὐ μὴ φθάσωμεν τοὺς κοιμηθέντας· ὅτι αὐτὸς ὁ κύριος ἐν κελεύσματι, ἐν φωνῇ ἀρχαγγέλου καὶ ἐν σάλπιγγι θεοῦ, καταβήσεται ἀπ’ οὐρανοῦ, καὶ οἱ νεκροὶ ἐν Χριστῷ ἀναστήσονται πρῶτον, ἔπειτα ἡμεῖς οἱ ζῶντες οἱ περιλειπόμενοι ἅμα σὺν αὐτοῖς ἁρπαγησόμεθα ἐν νεφέλαις εἰς ἀπάντησιν τοῦ κυρίου εἰς ἀέρα· καὶ οὕτως πάντοτε σὺν κυρίῳ ἐσόμεθα.
106	73	Paul	P1	καὶ	conjunction	65	7	ἀέρα·	noun	οὕτως	adverb	ἀέρα·	64	null	0	τοῦτο γὰρ ὑμῖν λέγομεν ἐν λόγῳ κυρίου, ὅτι ἡμεῖς οἱ ζῶντες οἱ περιλειπόμενοι εἰς τὴν παρουσίαν τοῦ κυρίου οὐ μὴ φθάσωμεν τοὺς κοιμηθέντας· ὅτι αὐτὸς ὁ κύριος ἐν κελεύσματι, ἐν φωνῇ ἀρχαγγέλου καὶ ἐν σάλπιγγι θεοῦ, καταβήσεται ἀπ’ οὐρανοῦ, καὶ οἱ νεκροὶ ἐν Χριστῷ ἀναστήσονται πρῶτον, ἔπειτα ἡμεῖς οἱ ζῶντες οἱ περιλειπόμενοι ἅμα σὺν αὐτοῖς ἁρπαγησόμεθα ἐν νεφέλαις εἰς ἀπάντησιν τοῦ κυρίου εἰς ἀέρα· καὶ οὕτως πάντοτε σὺν κυρίῳ ἐσόμεθα.
107	73	Paul	P1	δὲ	conjunction	2	26	Περὶ	preposition	τῶν	article	null	0	καιρῶν,	7	Περὶ δὲ τῶν χρόνων καὶ τῶν καιρῶν, ἀδελφοί, οὐ χρείαν ἔχετε ὑμῖν γράφεσθαι, αὐτοὶ γὰρ ἀκριβῶς οἴδατε ⸀ὅτι ἡμέρα κυρίου ὡς κλέπτης ἐν νυκτὶ οὕτως ἔρχεται.
108	73	Paul	P1	καὶ	conjunction	5	23	χρόνων	noun	τῶν	article	null	0	καιρῶν,	7	Περὶ δὲ τῶν χρόνων καὶ τῶν καιρῶν, ἀδελφοί, οὐ χρείαν ἔχετε ὑμῖν γράφεσθαι, αὐτοὶ γὰρ ἀκριβῶς οἴδατε ⸀ὅτι ἡμέρα κυρίου ὡς κλέπτης ἐν νυκτὶ οὕτως ἔρχεται.
109	73	Paul	P1	γὰρ	conjunction	15	13	αὐτοὶ	personal pronoun	ἀκριβῶς	adverb	γράφεσθαι,	13	null	0	Περὶ δὲ τῶν χρόνων καὶ τῶν καιρῶν, ἀδελφοί, οὐ χρείαν ἔχετε ὑμῖν γράφεσθαι, αὐτοὶ γὰρ ἀκριβῶς οἴδατε ⸀ὅτι ἡμέρα κυρίου ὡς κλέπτης ἐν νυκτὶ οὕτως ἔρχεται.
110	73	Paul	P1	καὶ	conjunction	4	19	Εἰρήνη	noun	ἀσφάλεια,	noun	λέγωσιν·	2	ἀσφάλεια,	5	⸀ὅταν λέγωσιν· Εἰρήνη καὶ ἀσφάλεια, τότε αἰφνίδιος αὐτοῖς ἐφίσταται ὄλεθρος ὥσπερ ἡ ὠδὶν τῇ ἐν γαστρὶ ἐχούσῃ, καὶ οὐ μὴ ἐκφύγωσιν.
111	73	Paul	P1	καὶ	conjunction	18	5	ἐχούσῃ,	verb	οὐ	adverb	ἐχούσῃ,	17	null	0	⸀ὅταν λέγωσιν· Εἰρήνη καὶ ἀσφάλεια, τότε αἰφνίδιος αὐτοῖς ἐφίσταται ὄλεθρος ὥσπερ ἡ ὠδὶν τῇ ἐν γαστρὶ ἐχούσῃ, καὶ οὐ μὴ ἐκφύγωσιν.
112	73	Paul	P1	δέ,	conjunction	2	23	ὑμεῖς	personal pronoun	ἀδελφοί,	noun	null	0	δέ,	2	ὑμεῖς δέ, ἀδελφοί, οὐκ ἐστὲ ἐν σκότει, ἵνα ἡ ἡμέρα ὑμᾶς ὡς ⸀κλέπτης καταλάβῃ, πάντες ⸀γὰρ ὑμεῖς υἱοὶ φωτός ἐστε καὶ υἱοὶ ἡμέρας.
113	73	Paul	P1	⸀γὰρ	conjunction	16	9	πάντες	adjective	ὑμεῖς	personal pronoun	καταλάβῃ,	14	null	0	ὑμεῖς δέ, ἀδελφοί, οὐκ ἐστὲ ἐν σκότει, ἵνα ἡ ἡμέρα ὑμᾶς ὡς ⸀κλέπτης καταλάβῃ, πάντες ⸀γὰρ ὑμεῖς υἱοὶ φωτός ἐστε καὶ υἱοὶ ἡμέρας.
114	73	Paul	P1	καὶ	conjunction	21	4	ἐστε	verb	υἱοὶ	noun	καταλάβῃ,	14	null	0	ὑμεῖς δέ, ἀδελφοί, οὐκ ἐστὲ ἐν σκότει, ἵνα ἡ ἡμέρα ὑμᾶς ὡς ⸀κλέπτης καταλάβῃ, πάντες ⸀γὰρ ὑμεῖς υἱοὶ φωτός ἐστε καὶ υἱοὶ ἡμέρας.
115	73	Paul	P1	ἄρα	conjunction	6	12	σκότους·	noun	οὖν	conjunction	σκότους·	5	λοιποί,	12	οὐκ ἐσμὲν νυκτὸς οὐδὲ σκότους· ἄρα οὖν μὴ καθεύδωμεν ⸀ὡς οἱ λοιποί, ἀλλὰ γρηγορῶμεν καὶ νήφωμεν.
116	73	Paul	P1	οὖν	conjunction	7	11	ἄρα	conjunction	μὴ	adverb	σκότους·	5	λοιποί,	12	οὐκ ἐσμὲν νυκτὸς οὐδὲ σκότους· ἄρα οὖν μὴ καθεύδωμεν ⸀ὡς οἱ λοιποί, ἀλλὰ γρηγορῶμεν καὶ νήφωμεν.
117	73	Paul	P1	ἀλλὰ	conjunction	13	5	λοιποί,	adjective	γρηγορῶμεν	verb	λοιποί,	12	null	0	οὐκ ἐσμὲν νυκτὸς οὐδὲ σκότους· ἄρα οὖν μὴ καθεύδωμεν ⸀ὡς οἱ λοιποί, ἀλλὰ γρηγορῶμεν καὶ νήφωμεν.
118	73	Paul	P1	καὶ	conjunction	15	3	γρηγορῶμεν	verb	νήφωμεν.	verb	λοιποί,	12	null	0	οὐκ ἐσμὲν νυκτὸς οὐδὲ σκότους· ἄρα οὖν μὴ καθεύδωμεν ⸀ὡς οἱ λοιποί, ἀλλὰ γρηγορῶμεν καὶ νήφωμεν.
119	73	Paul	P1	γὰρ	conjunction	2	55	οἱ	article	καθεύδοντες	verb	null	0	καθεύδουσιν,	5	οἱ γὰρ καθεύδοντες νυκτὸς καθεύδουσιν, καὶ οἱ μεθυσκόμενοι νυκτὸς μεθύουσιν· ἡμεῖς δὲ ἡμέρας ὄντες νήφωμεν, ἐνδυσάμενοι θώρακα πίστεως καὶ ἀγάπης καὶ περικεφαλαίαν ἐλπίδα σωτηρίας· ὅτι οὐκ ἔθετο ἡμᾶς ὁ θεὸς εἰς ὀργὴν ἀλλὰ εἰς περιποίησιν σωτηρίας διὰ τοῦ κυρίου ἡμῶν Ἰησοῦ Χριστοῦ, τοῦ ἀποθανόντος ⸀περὶ ἡμῶν ἵνα εἴτε γρηγορῶμεν εἴτε καθεύδωμεν ἅμα σὺν αὐτῷ ζήσωμεν.
120	73	Paul	P1	καὶ	conjunction	6	51	καθεύδουσιν,	verb	οἱ	article	καθεύδουσιν,	5	μεθύουσιν·	10	οἱ γὰρ καθεύδοντες νυκτὸς καθεύδουσιν, καὶ οἱ μεθυσκόμενοι νυκτὸς μεθύουσιν· ἡμεῖς δὲ ἡμέρας ὄντες νήφωμεν, ἐνδυσάμενοι θώρακα πίστεως καὶ ἀγάπης καὶ περικεφαλαίαν ἐλπίδα σωτηρίας· ὅτι οὐκ ἔθετο ἡμᾶς ὁ θεὸς εἰς ὀργὴν ἀλλὰ εἰς περιποίησιν σωτηρίας διὰ τοῦ κυρίου ἡμῶν Ἰησοῦ Χριστοῦ, τοῦ ἀποθανόντος ⸀περὶ ἡμῶν ἵνα εἴτε γρηγορῶμεν εἴτε καθεύδωμεν ἅμα σὺν αὐτῷ ζήσωμεν.
121	73	Paul	P1	δὲ	conjunction	12	45	ἡμεῖς	personal pronoun	ἡμέρας	noun	μεθύουσιν·	10	νήφωμεν,	15	οἱ γὰρ καθεύδοντες νυκτὸς καθεύδουσιν, καὶ οἱ μεθυσκόμενοι νυκτὸς μεθύουσιν· ἡμεῖς δὲ ἡμέρας ὄντες νήφωμεν, ἐνδυσάμενοι θώρακα πίστεως καὶ ἀγάπης καὶ περικεφαλαίαν ἐλπίδα σωτηρίας· ὅτι οὐκ ἔθετο ἡμᾶς ὁ θεὸς εἰς ὀργὴν ἀλλὰ εἰς περιποίησιν σωτηρίας διὰ τοῦ κυρίου ἡμῶν Ἰησοῦ Χριστοῦ, τοῦ ἀποθανόντος ⸀περὶ ἡμῶν ἵνα εἴτε γρηγορῶμεν εἴτε καθεύδωμεν ἅμα σὺν αὐτῷ ζήσωμεν.
122	73	Paul	P1	καὶ	conjunction	19	38	πίστεως	noun	ἀγάπης	noun	νήφωμεν,	15	σωτηρίας·	24	οἱ γὰρ καθεύδοντες νυκτὸς καθεύδουσιν, καὶ οἱ μεθυσκόμενοι νυκτὸς μεθύουσιν· ἡμεῖς δὲ ἡμέρας ὄντες νήφωμεν, ἐνδυσάμενοι θώρακα πίστεως καὶ ἀγάπης καὶ περικεφαλαίαν ἐλπίδα σωτηρίας· ὅτι οὐκ ἔθετο ἡμᾶς ὁ θεὸς εἰς ὀργὴν ἀλλὰ εἰς περιποίησιν σωτηρίας διὰ τοῦ κυρίου ἡμῶν Ἰησοῦ Χριστοῦ, τοῦ ἀποθανόντος ⸀περὶ ἡμῶν ἵνα εἴτε γρηγορῶμεν εἴτε καθεύδωμεν ἅμα σὺν αὐτῷ ζήσωμεν.
123	73	Paul	P1	καὶ	conjunction	21	36	ἀγάπης	noun	περικεφαλαίαν	noun	νήφωμεν,	15	σωτηρίας·	24	οἱ γὰρ καθεύδοντες νυκτὸς καθεύδουσιν, καὶ οἱ μεθυσκόμενοι νυκτὸς μεθύουσιν· ἡμεῖς δὲ ἡμέρας ὄντες νήφωμεν, ἐνδυσάμενοι θώρακα πίστεως καὶ ἀγάπης καὶ περικεφαλαίαν ἐλπίδα σωτηρίας· ὅτι οὐκ ἔθετο ἡμᾶς ὁ θεὸς εἰς ὀργὴν ἀλλὰ εἰς περιποίησιν σωτηρίας διὰ τοῦ κυρίου ἡμῶν Ἰησοῦ Χριστοῦ, τοῦ ἀποθανόντος ⸀περὶ ἡμῶν ἵνα εἴτε γρηγορῶμεν εἴτε καθεύδωμεν ἅμα σὺν αὐτῷ ζήσωμεν.
124	73	Paul	P1	ἀλλὰ	conjunction	33	24	ὀργὴν	noun	εἰς	preposition	σωτηρίας·	24	Χριστοῦ,	42	οἱ γὰρ καθεύδοντες νυκτὸς καθεύδουσιν, καὶ οἱ μεθυσκόμενοι νυκτὸς μεθύουσιν· ἡμεῖς δὲ ἡμέρας ὄντες νήφωμεν, ἐνδυσάμενοι θώρακα πίστεως καὶ ἀγάπης καὶ περικεφαλαίαν ἐλπίδα σωτηρίας· ὅτι οὐκ ἔθετο ἡμᾶς ὁ θεὸς εἰς ὀργὴν ἀλλὰ εἰς περιποίησιν σωτηρίας διὰ τοῦ κυρίου ἡμῶν Ἰησοῦ Χριστοῦ, τοῦ ἀποθανόντος ⸀περὶ ἡμῶν ἵνα εἴτε γρηγορῶμεν εἴτε καθεύδωμεν ἅμα σὺν αὐτῷ ζήσωμεν.
125	73	Paul	P1	καὶ	conjunction	4	9	ἀλλήλους	personal pronoun	οἰκοδομεῖτε	verb	null	0	ἕνα,	8	διὸ παρακαλεῖτε ἀλλήλους καὶ οἰκοδομεῖτε εἷς τὸν ἕνα, καθὼς καὶ ποιεῖτε.
126	73	Paul	P1	δὲ	conjunction	2	27	Ἐρωτῶμεν	verb	ὑμᾶς,	personal pronoun	null	0	ὑμᾶς,	3	Ἐρωτῶμεν δὲ ὑμᾶς, ἀδελφοί, εἰδέναι τοὺς κοπιῶντας ἐν ὑμῖν καὶ προϊσταμένους ὑμῶν ἐν κυρίῳ καὶ νουθετοῦντας ὑμᾶς, καὶ ἡγεῖσθαι αὐτοὺς ⸀ὑπερεκπερισσοῦ ἐν ἀγάπῃ διὰ τὸ ἔργον αὐτῶν.
127	73	Paul	P1	καὶ	conjunction	10	19	ὑμῖν	personal pronoun	προϊσταμένους	verb	ἀδελφοί,	4	ὑμᾶς,	17	Ἐρωτῶμεν δὲ ὑμᾶς, ἀδελφοί, εἰδέναι τοὺς κοπιῶντας ἐν ὑμῖν καὶ προϊσταμένους ὑμῶν ἐν κυρίῳ καὶ νουθετοῦντας ὑμᾶς, καὶ ἡγεῖσθαι αὐτοὺς ⸀ὑπερεκπερισσοῦ ἐν ἀγάπῃ διὰ τὸ ἔργον αὐτῶν.
128	73	Paul	P1	καὶ	conjunction	15	14	κυρίῳ	noun	νουθετοῦντας	verb	ἀδελφοί,	4	ὑμᾶς,	17	Ἐρωτῶμεν δὲ ὑμᾶς, ἀδελφοί, εἰδέναι τοὺς κοπιῶντας ἐν ὑμῖν καὶ προϊσταμένους ὑμῶν ἐν κυρίῳ καὶ νουθετοῦντας ὑμᾶς, καὶ ἡγεῖσθαι αὐτοὺς ⸀ὑπερεκπερισσοῦ ἐν ἀγάπῃ διὰ τὸ ἔργον αὐτῶν.
129	73	Paul	P1	καὶ	conjunction	18	11	ὑμᾶς,	personal pronoun	ἡγεῖσθαι	verb	ὑμᾶς,	17	null	0	Ἐρωτῶμεν δὲ ὑμᾶς, ἀδελφοί, εἰδέναι τοὺς κοπιῶντας ἐν ὑμῖν καὶ προϊσταμένους ὑμῶν ἐν κυρίῳ καὶ νουθετοῦντας ὑμᾶς, καὶ ἡγεῖσθαι αὐτοὺς ⸀ὑπερεκπερισσοῦ ἐν ἀγάπῃ διὰ τὸ ἔργον αὐτῶν.
130	73	Paul	P1	δὲ	conjunction	2	16	παρακαλοῦμεν	verb	ὑμᾶς,	personal pronoun	null	0	ὑμᾶς,	3	παρακαλοῦμεν δὲ ὑμᾶς, ἀδελφοί, νουθετεῖτε τοὺς ἀτάκτους, παραμυθεῖσθε τοὺς ὀλιγοψύχους, ἀντέχεσθε τῶν ἀσθενῶν, μακροθυμεῖτε πρὸς πάντας.
131	73	Paul	P1	μή	conjunction	2	18	ὁρᾶτε	verb	τις	interrogative	null	0	ἀποδῷ,	8	ὁρᾶτε μή τις κακὸν ἀντὶ κακοῦ τινι ἀποδῷ, ἀλλὰ πάντοτε τὸ ἀγαθὸν ⸀διώκετε εἰς ἀλλήλους καὶ εἰς πάντας.
132	73	Paul	P1	ἀλλὰ	conjunction	9	11	ἀποδῷ,	verb	πάντοτε	adverb	ἀποδῷ,	8	null	0	ὁρᾶτε μή τις κακὸν ἀντὶ κακοῦ τινι ἀποδῷ, ἀλλὰ πάντοτε τὸ ἀγαθὸν ⸀διώκετε εἰς ἀλλήλους καὶ εἰς πάντας.
133	73	Paul	P1	καὶ	conjunction	16	4	ἀλλήλους	personal pronoun	εἰς	preposition	ἀποδῷ,	8	null	0	ὁρᾶτε μή τις κακὸν ἀντὶ κακοῦ τινι ἀποδῷ, ἀλλὰ πάντοτε τὸ ἀγαθὸν ⸀διώκετε εἰς ἀλλήλους καὶ εἰς πάντας.
134	73	Paul	P1	γὰρ	conjunction	9	9	τοῦτο	demonstrative	θέλημα	noun	εὐχαριστεῖτε·	7	null	0	πάντοτε χαίρετε, ἀδιαλείπτως προσεύχεσθε, ἐν παντὶ εὐχαριστεῖτε· τοῦτο γὰρ θέλημα θεοῦ ἐν Χριστῷ Ἰησοῦ εἰς ὑμᾶς.
135	73	Paul	P1	δὲ	conjunction	9	11	πάντα	adjective	δοκιμάζετε,	verb	ἐξουθενεῖτε·	7	δοκιμάζετε,	10	τὸ πνεῦμα μὴ σβέννυτε, προφητείας μὴ ἐξουθενεῖτε· πάντα δὲ δοκιμάζετε, τὸ καλὸν κατέχετε, ἀπὸ παντὸς εἴδους πονηροῦ ἀπέχεσθε.
136	73	Paul	P1	δὲ	conjunction	2	30	Αὐτὸς	personal pronoun	ὁ	article	null	0	ὁλοτελεῖς,	9	Αὐτὸς δὲ ὁ θεὸς τῆς εἰρήνης ἁγιάσαι ὑμᾶς ὁλοτελεῖς, καὶ ὁλόκληρον ὑμῶν τὸ πνεῦμα καὶ ἡ ψυχὴ καὶ τὸ σῶμα ἀμέμπτως ἐν τῇ παρουσίᾳ τοῦ κυρίου ἡμῶν Ἰησοῦ Χριστοῦ τηρηθείη.
137	73	Paul	P1	καὶ	conjunction	10	22	ὁλοτελεῖς,	adjective	ὁλόκληρον	adjective	ὁλοτελεῖς,	9	null	0	Αὐτὸς δὲ ὁ θεὸς τῆς εἰρήνης ἁγιάσαι ὑμᾶς ὁλοτελεῖς, καὶ ὁλόκληρον ὑμῶν τὸ πνεῦμα καὶ ἡ ψυχὴ καὶ τὸ σῶμα ἀμέμπτως ἐν τῇ παρουσίᾳ τοῦ κυρίου ἡμῶν Ἰησοῦ Χριστοῦ τηρηθείη.
138	73	Paul	P1	καὶ	conjunction	15	17	πνεῦμα	noun	ἡ	article	ὁλοτελεῖς,	9	null	0	Αὐτὸς δὲ ὁ θεὸς τῆς εἰρήνης ἁγιάσαι ὑμᾶς ὁλοτελεῖς, καὶ ὁλόκληρον ὑμῶν τὸ πνεῦμα καὶ ἡ ψυχὴ καὶ τὸ σῶμα ἀμέμπτως ἐν τῇ παρουσίᾳ τοῦ κυρίου ἡμῶν Ἰησοῦ Χριστοῦ τηρηθείη.
139	73	Paul	P1	καὶ	conjunction	18	14	ψυχὴ	noun	τὸ	article	ὁλοτελεῖς,	9	null	0	Αὐτὸς δὲ ὁ θεὸς τῆς εἰρήνης ἁγιάσαι ὑμᾶς ὁλοτελεῖς, καὶ ὁλόκληρον ὑμῶν τὸ πνεῦμα καὶ ἡ ψυχὴ καὶ τὸ σῶμα ἀμέμπτως ἐν τῇ παρουσίᾳ τοῦ κυρίου ἡμῶν Ἰησοῦ Χριστοῦ τηρηθείη.
