sample_no	letter	author	authenticity	particle	part_of_speech	position_from_start	position_from_end	left_neighbor	left_neighbor_pos	right_neighbor	right_neighbor_pos	pip	pip_position	fip	fip_position	position_s	position_is	sentence
1	77	Paul	P3	δέ	conjunction	5	62	ἀπόστολος	noun	Ἰησοῦ	noun	θεοῦ,	3	αἰωνίου,	21	0	2	Παῦλος δοῦλος θεοῦ, ἀπόστολος δὲ Ἰησοῦ Χριστοῦ κατὰ πίστιν ἐκλεκτῶν θεοῦ καὶ ἐπίγνωσιν ἀληθείας τῆς κατ’ εὐσέβειαν ἐπ’ ἐλπίδι ζωῆς αἰωνίου, ἣν ἐπηγγείλατο ὁ ἀψευδὴς θεὸς πρὸ χρόνων αἰωνίων ἐφανέρωσεν δὲ καιροῖς ἰδίοις, τὸν λόγον αὐτοῦ ἐν κηρύγματι ὃ ἐπιστεύθην ἐγὼ κατ’ ἐπιταγὴν τοῦ σωτῆρος ἡμῶν θεοῦ, Τίτῳ γνησίῳ τέκνῳ κατὰ κοινὴν πίστιν· χάρις ⸀καὶ εἰρήνη ἀπὸ θεοῦ πατρὸς καὶ ⸂Χριστοῦ Ἰησοῦ⸃ τοῦ σωτῆρος ἡμῶν.
2	77	Paul	P3	καί	conjunction	12	55	θεοῦ	noun	ἐπίγνωσιν	noun	θεοῦ,	3	αἰωνίου,	21	0	9	Παῦλος δοῦλος θεοῦ, ἀπόστολος δὲ Ἰησοῦ Χριστοῦ κατὰ πίστιν ἐκλεκτῶν θεοῦ καὶ ἐπίγνωσιν ἀληθείας τῆς κατ’ εὐσέβειαν ἐπ’ ἐλπίδι ζωῆς αἰωνίου, ἣν ἐπηγγείλατο ὁ ἀψευδὴς θεὸς πρὸ χρόνων αἰωνίων ἐφανέρωσεν δὲ καιροῖς ἰδίοις, τὸν λόγον αὐτοῦ ἐν κηρύγματι ὃ ἐπιστεύθην ἐγὼ κατ’ ἐπιταγὴν τοῦ σωτῆρος ἡμῶν θεοῦ, Τίτῳ γνησίῳ τέκνῳ κατὰ κοινὴν πίστιν· χάρις ⸀καὶ εἰρήνη ἀπὸ θεοῦ πατρὸς καὶ ⸂Χριστοῦ Ἰησοῦ⸃ τοῦ σωτῆρος ἡμῶν.
3	77	Paul	P3	δέ	conjunction	31	36	ἐφανέρωσεν	verb	καιροῖς	noun	αἰωνίου,	21	ἰδίοις,	33	0	10	Παῦλος δοῦλος θεοῦ, ἀπόστολος δὲ Ἰησοῦ Χριστοῦ κατὰ πίστιν ἐκλεκτῶν θεοῦ καὶ ἐπίγνωσιν ἀληθείας τῆς κατ’ εὐσέβειαν ἐπ’ ἐλπίδι ζωῆς αἰωνίου, ἣν ἐπηγγείλατο ὁ ἀψευδὴς θεὸς πρὸ χρόνων αἰωνίων ἐφανέρωσεν δὲ καιροῖς ἰδίοις, τὸν λόγον αὐτοῦ ἐν κηρύγματι ὃ ἐπιστεύθην ἐγὼ κατ’ ἐπιταγὴν τοῦ σωτῆρος ἡμῶν θεοῦ, Τίτῳ γνησίῳ τέκνῳ κατὰ κοινὴν πίστιν· χάρις ⸀καὶ εἰρήνη ἀπὸ θεοῦ πατρὸς καὶ ⸂Χριστοῦ Ἰησοῦ⸃ τοῦ σωτῆρος ἡμῶν.
4	77	Paul	P3	καί	conjunction	55	12	χάρις	noun	εἰρήνη	noun	πίστιν·	53	null	0	0	2	Παῦλος δοῦλος θεοῦ, ἀπόστολος δὲ Ἰησοῦ Χριστοῦ κατὰ πίστιν ἐκλεκτῶν θεοῦ καὶ ἐπίγνωσιν ἀληθείας τῆς κατ’ εὐσέβειαν ἐπ’ ἐλπίδι ζωῆς αἰωνίου, ἣν ἐπηγγείλατο ὁ ἀψευδὴς θεὸς πρὸ χρόνων αἰωνίων ἐφανέρωσεν δὲ καιροῖς ἰδίοις, τὸν λόγον αὐτοῦ ἐν κηρύγματι ὃ ἐπιστεύθην ἐγὼ κατ’ ἐπιταγὴν τοῦ σωτῆρος ἡμῶν θεοῦ, Τίτῳ γνησίῳ τέκνῳ κατὰ κοινὴν πίστιν· χάρις ⸀καὶ εἰρήνη ἀπὸ θεοῦ πατρὸς καὶ ⸂Χριστοῦ Ἰησοῦ⸃ τοῦ σωτῆρος ἡμῶν.
5	77	Paul	P3	καί	conjunction	60	7	πατρὸς	noun	⸂Χριστοῦ	noun	πίστιν·	53	null	0	0	7	Παῦλος δοῦλος θεοῦ, ἀπόστολος δὲ Ἰησοῦ Χριστοῦ κατὰ πίστιν ἐκλεκτῶν θεοῦ καὶ ἐπίγνωσιν ἀληθείας τῆς κατ’ εὐσέβειαν ἐπ’ ἐλπίδι ζωῆς αἰωνίου, ἣν ἐπηγγείλατο ὁ ἀψευδὴς θεὸς πρὸ χρόνων αἰωνίων ἐφανέρωσεν δὲ καιροῖς ἰδίοις, τὸν λόγον αὐτοῦ ἐν κηρύγματι ὃ ἐπιστεύθην ἐγὼ κατ’ ἐπιταγὴν τοῦ σωτῆρος ἡμῶν θεοῦ, Τίτῳ γνησίῳ τέκνῳ κατὰ κοινὴν πίστιν· χάρις ⸀καὶ εἰρήνη ἀπὸ θεοῦ πατρὸς καὶ ⸂Χριστοῦ Ἰησοῦ⸃ τοῦ σωτῆρος ἡμῶν.
6	77	Paul	P3	καί	conjunction	11	26	ἐπιδιορθώσῃ,	verb	καταστήσῃς	verb	ἐπιδιορθώσῃ,	10	πρεσβυτέρους,	15	0	1	Τούτου χάριν ⸀ἀπέλιπόν σε ἐν Κρήτῃ ἵνα τὰ λείποντα ἐπιδιορθώσῃ, καὶ καταστήσῃς κατὰ πόλιν πρεσβυτέρους, ὡς ἐγώ σοι διεταξάμην, εἴ τίς ἐστιν ἀνέγκλητος, μιᾶς γυναικὸς ἀνήρ, τέκνα ἔχων πιστά, μὴ ἐν κατηγορίᾳ ἀσωτίας ἢ ἀνυπότακτα.
7	77	Paul	P3	γάρ	conjunction	2	47	δεῖ	verb	τὸν	article	null	0	οἰκονόμον,	9	2	0	δεῖ γὰρ τὸν ἐπίσκοπον ἀνέγκλητον εἶναι ὡς θεοῦ οἰκονόμον, μὴ αὐθάδη, μὴ ὀργίλον, μὴ πάροινον, μὴ πλήκτην, μὴ αἰσχροκερδῆ, ἀλλὰ φιλόξενον, φιλάγαθον, σώφρονα, δίκαιον, ὅσιον, ἐγκρατῆ, ἀντεχόμενον τοῦ κατὰ τὴν διδαχὴν πιστοῦ λόγου, ἵνα δυνατὸς ᾖ καὶ παρακαλεῖν ἐν τῇ διδασκαλίᾳ τῇ ὑγιαινούσῃ καὶ τοὺς ἀντιλέγοντας ἐλέγχειν.
8	77	Paul	P3	ἀλλά	conjunction	20	29	αἰσχροκερδῆ,	adjective	φιλόξενον,	adjective	αἰσχροκερδῆ,	19	φιλόξενον,	21	0	1	δεῖ γὰρ τὸν ἐπίσκοπον ἀνέγκλητον εἶναι ὡς θεοῦ οἰκονόμον, μὴ αὐθάδη, μὴ ὀργίλον, μὴ πάροινον, μὴ πλήκτην, μὴ αἰσχροκερδῆ, ἀλλὰ φιλόξενον, φιλάγαθον, σώφρονα, δίκαιον, ὅσιον, ἐγκρατῆ, ἀντεχόμενον τοῦ κατὰ τὴν διδαχὴν πιστοῦ λόγου, ἵνα δυνατὸς ᾖ καὶ παρακαλεῖν ἐν τῇ διδασκαλίᾳ τῇ ὑγιαινούσῃ καὶ τοὺς ἀντιλέγοντας ἐλέγχειν.
9	77	Paul	P3	καί	conjunction	37	12	ᾖ	verb	παρακαλεῖν	verb	λόγου,	33	null	0	0	4	δεῖ γὰρ τὸν ἐπίσκοπον ἀνέγκλητον εἶναι ὡς θεοῦ οἰκονόμον, μὴ αὐθάδη, μὴ ὀργίλον, μὴ πάροινον, μὴ πλήκτην, μὴ αἰσχροκερδῆ, ἀλλὰ φιλόξενον, φιλάγαθον, σώφρονα, δίκαιον, ὅσιον, ἐγκρατῆ, ἀντεχόμενον τοῦ κατὰ τὴν διδαχὴν πιστοῦ λόγου, ἵνα δυνατὸς ᾖ καὶ παρακαλεῖν ἐν τῇ διδασκαλίᾳ τῇ ὑγιαινούσῃ καὶ τοὺς ἀντιλέγοντας ἐλέγχειν.
10	77	Paul	P3	καί	conjunction	44	5	ὑγιαινούσῃ	verb	τοὺς	article	λόγου,	33	null	0	0	11	δεῖ γὰρ τὸν ἐπίσκοπον ἀνέγκλητον εἶναι ὡς θεοῦ οἰκονόμον, μὴ αὐθάδη, μὴ ὀργίλον, μὴ πάροινον, μὴ πλήκτην, μὴ αἰσχροκερδῆ, ἀλλὰ φιλόξενον, φιλάγαθον, σώφρονα, δίκαιον, ὅσιον, ἐγκρατῆ, ἀντεχόμενον τοῦ κατὰ τὴν διδαχὴν πιστοῦ λόγου, ἵνα δυνατὸς ᾖ καὶ παρακαλεῖν ἐν τῇ διδασκαλίᾳ τῇ ὑγιαινούσῃ καὶ τοὺς ἀντιλέγοντας ἐλέγχειν.
11	77	Paul	P3	γάρ	conjunction	2	27	Εἰσὶν	verb	πολλοὶ	adjective	null	0	ἀνυπότακτοι,	5	2	0	Εἰσὶν γὰρ πολλοὶ ⸀καὶ ἀνυπότακτοι, ματαιολόγοι καὶ φρεναπάται, μάλιστα οἱ ἐκ ⸀τῆς περιτομῆς, οὓς δεῖ ἐπιστομίζειν, οἵτινες ὅλους οἴκους ἀνατρέπουσιν διδάσκοντες ἃ μὴ δεῖ αἰσχροῦ κέρδους χάριν.
12	77	Paul	P3	καί	conjunction	7	22	ματαιολόγοι	adjective	φρεναπάται,	noun	ἀνυπότακτοι,	5	φρεναπάται,	8	0	2	Εἰσὶν γὰρ πολλοὶ ⸀καὶ ἀνυπότακτοι, ματαιολόγοι καὶ φρεναπάται, μάλιστα οἱ ἐκ ⸀τῆς περιτομῆς, οὓς δεῖ ἐπιστομίζειν, οἵτινες ὅλους οἴκους ἀνατρέπουσιν διδάσκοντες ἃ μὴ δεῖ αἰσχροῦ κέρδους χάριν.
13	77	Paul	P3	καί	conjunction	16	7	μύθοις	noun	ἐντολαῖς	noun	πίστει,	11	null	0	0	5	δι’ ἣν αἰτίαν ἔλεγχε αὐτοὺς ἀποτόμως, ἵνα ὑγιαίνωσιν ἐν τῇ πίστει, μὴ προσέχοντες Ἰουδαϊκοῖς μύθοις καὶ ἐντολαῖς ἀνθρώπων ἀποστρεφομένων τὴν ἀλήθειαν.
14	77	Paul	P3	δέ	conjunction	6	16	τοῖς	article	μεμιαμμένοις	verb	καθαροῖς·	4	καθαρόν,	11	0	2	⸀πάντα καθαρὰ τοῖς καθαροῖς· τοῖς δὲ μεμιαμμένοις καὶ ἀπίστοις οὐδὲν καθαρόν, ἀλλὰ μεμίανται αὐτῶν καὶ ὁ νοῦς καὶ ἡ συνείδησις.
15	77	Paul	P3	καί	conjunction	8	14	μεμιαμμένοις	verb	ἀπίστοις	adjective	καθαροῖς·	4	καθαρόν,	11	0	4	⸀πάντα καθαρὰ τοῖς καθαροῖς· τοῖς δὲ μεμιαμμένοις καὶ ἀπίστοις οὐδὲν καθαρόν, ἀλλὰ μεμίανται αὐτῶν καὶ ὁ νοῦς καὶ ἡ συνείδησις.
16	77	Paul	P3	ἀλλά	conjunction	12	10	καθαρόν,	adjective	μεμίανται	verb	καθαρόν,	11	null	0	0	1	⸀πάντα καθαρὰ τοῖς καθαροῖς· τοῖς δὲ μεμιαμμένοις καὶ ἀπίστοις οὐδὲν καθαρόν, ἀλλὰ μεμίανται αὐτῶν καὶ ὁ νοῦς καὶ ἡ συνείδησις.
17	77	Paul	P3	καί	conjunction	15	7	αὐτῶν	personal pronoun	ὁ	article	καθαρόν,	11	null	0	0	4	⸀πάντα καθαρὰ τοῖς καθαροῖς· τοῖς δὲ μεμιαμμένοις καὶ ἀπίστοις οὐδὲν καθαρόν, ἀλλὰ μεμίανται αὐτῶν καὶ ὁ νοῦς καὶ ἡ συνείδησις.
18	77	Paul	P3	καί	conjunction	18	4	νοῦς	noun	ἡ	article	καθαρόν,	11	null	0	0	7	⸀πάντα καθαρὰ τοῖς καθαροῖς· τοῖς δὲ μεμιαμμένοις καὶ ἀπίστοις οὐδὲν καθαρόν, ἀλλὰ μεμίανται αὐτῶν καὶ ὁ νοῦς καὶ ἡ συνείδησις.
19	77	Paul	P3	δέ	conjunction	5	14	τοῖς	article	ἔργοις	noun	εἰδέναι,	3	ἀρνοῦνται,	7	0	2	θεὸν ὁμολογοῦσιν εἰδέναι, τοῖς δὲ ἔργοις ἀρνοῦνται, βδελυκτοὶ ὄντες καὶ ἀπειθεῖς καὶ πρὸς πᾶν ἔργον ἀγαθὸν ἀδόκιμοι.
20	77	Paul	P3	καί	conjunction	10	9	ὄντες	verb	ἀπειθεῖς	adjective	ἀρνοῦνται,	7	null	0	0	3	θεὸν ὁμολογοῦσιν εἰδέναι, τοῖς δὲ ἔργοις ἀρνοῦνται, βδελυκτοὶ ὄντες καὶ ἀπειθεῖς καὶ πρὸς πᾶν ἔργον ἀγαθὸν ἀδόκιμοι.
21	77	Paul	P3	καί	conjunction	12	7	ἀπειθεῖς	adjective	πρὸς	preposition	ἀρνοῦνται,	7	null	0	0	5	θεὸν ὁμολογοῦσιν εἰδέναι, τοῖς δὲ ἔργοις ἀρνοῦνται, βδελυκτοὶ ὄντες καὶ ἀπειθεῖς καὶ πρὸς πᾶν ἔργον ἀγαθὸν ἀδόκιμοι.
22	77	Paul	P3	δέ	conjunction	2	8	Σὺ	personal pronoun	λάλει	verb	null	0	null	0	2	0	Σὺ δὲ λάλει ἃ πρέπει τῇ ὑγιαινούσῃ διδασκαλίᾳ.
23	77	Paul	P3	ἀλλά	conjunction	13	17	νοσφιζομένους,	verb	⸂πᾶσαν	adjective	νοσφιζομένους,	12	ἀγαθήν,	17	0	1	Δούλους ἰδίοις δεσπόταις ὑποτάσσεσθαι ἐν πᾶσιν, εὐαρέστους εἶναι, μὴ ἀντιλέγοντας, μὴ νοσφιζομένους, ἀλλὰ ⸂πᾶσαν πίστιν⸃ ἐνδεικνυμένους ἀγαθήν, ἵνα τὴν διδασκαλίαν ⸀τὴν τοῦ σωτῆρος ἡμῶν θεοῦ κοσμῶσιν ἐν πᾶσιν.
24	77	Paul	P3	γάρ	conjunction	2	64	Ἐπεφάνη	verb	ἡ	article	null	0	ἡμᾶς,	11	2	0	Ἐπεφάνη γὰρ ἡ χάρις τοῦ ⸀θεοῦ σωτήριος πᾶσιν ἀνθρώποις παιδεύουσα ἡμᾶς, ἵνα ἀρνησάμενοι τὴν ἀσέβειαν καὶ τὰς κοσμικὰς ἐπιθυμίας σωφρόνως καὶ δικαίως καὶ εὐσεβῶς ζήσωμεν ἐν τῷ νῦν αἰῶνι, προσδεχόμενοι τὴν μακαρίαν ἐλπίδα καὶ ἐπιφάνειαν τῆς δόξης τοῦ μεγάλου θεοῦ καὶ σωτῆρος ἡμῶν ⸂Ἰησοῦ Χριστοῦ⸃, ὃς ἔδωκεν ἑαυτὸν ὑπὲρ ἡμῶν ἵνα λυτρώσηται ἡμᾶς ἀπὸ πάσης ἀνομίας καὶ καθαρίσῃ ἑαυτῷ λαὸν περιούσιον, ζηλωτὴν καλῶν ἔργων.
25	77	Paul	P3	καί	conjunction	16	50	ἀσέβειαν	noun	τὰς	article	ἡμᾶς,	11	αἰῶνι,	29	0	5	Ἐπεφάνη γὰρ ἡ χάρις τοῦ ⸀θεοῦ σωτήριος πᾶσιν ἀνθρώποις παιδεύουσα ἡμᾶς, ἵνα ἀρνησάμενοι τὴν ἀσέβειαν καὶ τὰς κοσμικὰς ἐπιθυμίας σωφρόνως καὶ δικαίως καὶ εὐσεβῶς ζήσωμεν ἐν τῷ νῦν αἰῶνι, προσδεχόμενοι τὴν μακαρίαν ἐλπίδα καὶ ἐπιφάνειαν τῆς δόξης τοῦ μεγάλου θεοῦ καὶ σωτῆρος ἡμῶν ⸂Ἰησοῦ Χριστοῦ⸃, ὃς ἔδωκεν ἑαυτὸν ὑπὲρ ἡμῶν ἵνα λυτρώσηται ἡμᾶς ἀπὸ πάσης ἀνομίας καὶ καθαρίσῃ ἑαυτῷ λαὸν περιούσιον, ζηλωτὴν καλῶν ἔργων.
26	77	Paul	P3	καί	conjunction	21	45	σωφρόνως	adverb	δικαίως	adverb	ἡμᾶς,	11	αἰῶνι,	29	0	10	Ἐπεφάνη γὰρ ἡ χάρις τοῦ ⸀θεοῦ σωτήριος πᾶσιν ἀνθρώποις παιδεύουσα ἡμᾶς, ἵνα ἀρνησάμενοι τὴν ἀσέβειαν καὶ τὰς κοσμικὰς ἐπιθυμίας σωφρόνως καὶ δικαίως καὶ εὐσεβῶς ζήσωμεν ἐν τῷ νῦν αἰῶνι, προσδεχόμενοι τὴν μακαρίαν ἐλπίδα καὶ ἐπιφάνειαν τῆς δόξης τοῦ μεγάλου θεοῦ καὶ σωτῆρος ἡμῶν ⸂Ἰησοῦ Χριστοῦ⸃, ὃς ἔδωκεν ἑαυτὸν ὑπὲρ ἡμῶν ἵνα λυτρώσηται ἡμᾶς ἀπὸ πάσης ἀνομίας καὶ καθαρίσῃ ἑαυτῷ λαὸν περιούσιον, ζηλωτὴν καλῶν ἔργων.
27	77	Paul	P3	καί	conjunction	23	43	δικαίως	adverb	εὐσεβῶς	adverb	ἡμᾶς,	11	αἰῶνι,	29	0	12	Ἐπεφάνη γὰρ ἡ χάρις τοῦ ⸀θεοῦ σωτήριος πᾶσιν ἀνθρώποις παιδεύουσα ἡμᾶς, ἵνα ἀρνησάμενοι τὴν ἀσέβειαν καὶ τὰς κοσμικὰς ἐπιθυμίας σωφρόνως καὶ δικαίως καὶ εὐσεβῶς ζήσωμεν ἐν τῷ νῦν αἰῶνι, προσδεχόμενοι τὴν μακαρίαν ἐλπίδα καὶ ἐπιφάνειαν τῆς δόξης τοῦ μεγάλου θεοῦ καὶ σωτῆρος ἡμῶν ⸂Ἰησοῦ Χριστοῦ⸃, ὃς ἔδωκεν ἑαυτὸν ὑπὲρ ἡμῶν ἵνα λυτρώσηται ἡμᾶς ἀπὸ πάσης ἀνομίας καὶ καθαρίσῃ ἑαυτῷ λαὸν περιούσιον, ζηλωτὴν καλῶν ἔργων.
28	77	Paul	P3	καί	conjunction	34	32	ἐλπίδα	noun	ἐπιφάνειαν	noun	αἰῶνι,	29	Χριστοῦ⸃,	45	0	5	Ἐπεφάνη γὰρ ἡ χάρις τοῦ ⸀θεοῦ σωτήριος πᾶσιν ἀνθρώποις παιδεύουσα ἡμᾶς, ἵνα ἀρνησάμενοι τὴν ἀσέβειαν καὶ τὰς κοσμικὰς ἐπιθυμίας σωφρόνως καὶ δικαίως καὶ εὐσεβῶς ζήσωμεν ἐν τῷ νῦν αἰῶνι, προσδεχόμενοι τὴν μακαρίαν ἐλπίδα καὶ ἐπιφάνειαν τῆς δόξης τοῦ μεγάλου θεοῦ καὶ σωτῆρος ἡμῶν ⸂Ἰησοῦ Χριστοῦ⸃, ὃς ἔδωκεν ἑαυτὸν ὑπὲρ ἡμῶν ἵνα λυτρώσηται ἡμᾶς ἀπὸ πάσης ἀνομίας καὶ καθαρίσῃ ἑαυτῷ λαὸν περιούσιον, ζηλωτὴν καλῶν ἔργων.
29	77	Paul	P3	καί	conjunction	41	25	θεοῦ	noun	σωτῆρος	noun	αἰῶνι,	29	Χριστοῦ⸃,	45	0	12	Ἐπεφάνη γὰρ ἡ χάρις τοῦ ⸀θεοῦ σωτήριος πᾶσιν ἀνθρώποις παιδεύουσα ἡμᾶς, ἵνα ἀρνησάμενοι τὴν ἀσέβειαν καὶ τὰς κοσμικὰς ἐπιθυμίας σωφρόνως καὶ δικαίως καὶ εὐσεβῶς ζήσωμεν ἐν τῷ νῦν αἰῶνι, προσδεχόμενοι τὴν μακαρίαν ἐλπίδα καὶ ἐπιφάνειαν τῆς δόξης τοῦ μεγάλου θεοῦ καὶ σωτῆρος ἡμῶν ⸂Ἰησοῦ Χριστοῦ⸃, ὃς ἔδωκεν ἑαυτὸν ὑπὲρ ἡμῶν ἵνα λυτρώσηται ἡμᾶς ἀπὸ πάσης ἀνομίας καὶ καθαρίσῃ ἑαυτῷ λαὸν περιούσιον, ζηλωτὴν καλῶν ἔργων.
30	77	Paul	P3	καί	conjunction	57	9	ἀνομίας	noun	καθαρίσῃ	verb	Χριστοῦ⸃,	45	περιούσιον,	61	0	12	Ἐπεφάνη γὰρ ἡ χάρις τοῦ ⸀θεοῦ σωτήριος πᾶσιν ἀνθρώποις παιδεύουσα ἡμᾶς, ἵνα ἀρνησάμενοι τὴν ἀσέβειαν καὶ τὰς κοσμικὰς ἐπιθυμίας σωφρόνως καὶ δικαίως καὶ εὐσεβῶς ζήσωμεν ἐν τῷ νῦν αἰῶνι, προσδεχόμενοι τὴν μακαρίαν ἐλπίδα καὶ ἐπιφάνειαν τῆς δόξης τοῦ μεγάλου θεοῦ καὶ σωτῆρος ἡμῶν ⸂Ἰησοῦ Χριστοῦ⸃, ὃς ἔδωκεν ἑαυτὸν ὑπὲρ ἡμῶν ἵνα λυτρώσηται ἡμᾶς ἀπὸ πάσης ἀνομίας καὶ καθαρίσῃ ἑαυτῷ λαὸν περιούσιον, ζηλωτὴν καλῶν ἔργων.
31	77	Paul	P3	καί	conjunction	3	11	λάλει	verb	παρακάλει	verb	null	0	ἐπιταγῆς·	9	3	0	Ταῦτα λάλει καὶ παρακάλει καὶ ἔλεγχε μετὰ πάσης ἐπιταγῆς· μηδείς σου περιφρονείτω.
32	77	Paul	P3	καί	conjunction	5	9	παρακάλει	verb	ἔλεγχε	verb	null	0	ἐπιταγῆς·	9	5	0	Ταῦτα λάλει καὶ παρακάλει καὶ ἔλεγχε μετὰ πάσης ἐπιταγῆς· μηδείς σου περιφρονείτω.
33	77	Paul	P3	γάρ	conjunction	2	21	ἦμεν	verb	ποτε	adverb	null	0	ἀνόητοι,	6	2	0	ἦμεν γάρ ποτε καὶ ἡμεῖς ἀνόητοι, ἀπειθεῖς, πλανώμενοι, δουλεύοντες ἐπιθυμίαις καὶ ἡδοναῖς ποικίλαις, ἐν κακίᾳ καὶ φθόνῳ διάγοντες, στυγητοί, μισοῦντες ἀλλήλους.
34	77	Paul	P3	καί	conjunction	11	12	ἐπιθυμίαις	noun	ἡδοναῖς	noun	πλανώμενοι,	8	ποικίλαις,	13	0	3	ἦμεν γάρ ποτε καὶ ἡμεῖς ἀνόητοι, ἀπειθεῖς, πλανώμενοι, δουλεύοντες ἐπιθυμίαις καὶ ἡδοναῖς ποικίλαις, ἐν κακίᾳ καὶ φθόνῳ διάγοντες, στυγητοί, μισοῦντες ἀλλήλους.
35	77	Paul	P3	καί	conjunction	16	7	κακίᾳ	noun	φθόνῳ	noun	ποικίλαις,	13	διάγοντες,	18	0	3	ἦμεν γάρ ποτε καὶ ἡμεῖς ἀνόητοι, ἀπειθεῖς, πλανώμενοι, δουλεύοντες ἐπιθυμίαις καὶ ἡδοναῖς ποικίλαις, ἐν κακίᾳ καὶ φθόνῳ διάγοντες, στυγητοί, μισοῦντες ἀλλήλους.
36	77	Paul	P3	δέ	conjunction	2	57	ὅτε	conjunction	ἡ	article	null	0	θεοῦ,	12	2	0	ὅτε δὲ ἡ χρηστότης καὶ ἡ φιλανθρωπία ἐπεφάνη τοῦ σωτῆρος ἡμῶν θεοῦ, οὐκ ἐξ ἔργων τῶν ἐν δικαιοσύνῃ ⸀ἃ ἐποιήσαμεν ἡμεῖς ἀλλὰ κατὰ ⸂τὸ αὐτοῦ ἔλεος⸃ ἔσωσεν ἡμᾶς διὰ λουτροῦ παλιγγενεσίας καὶ ἀνακαινώσεως πνεύματος ἁγίου, οὗ ἐξέχεεν ἐφ’ ἡμᾶς πλουσίως διὰ Ἰησοῦ Χριστοῦ τοῦ σωτῆρος ἡμῶν, ἵνα δικαιωθέντες τῇ ἐκείνου χάριτι κληρονόμοι ⸀γενηθῶμεν κατ’ ἐλπίδα ζωῆς αἰωνίου.
37	77	Paul	P3	καί	conjunction	5	54	χρηστότης	noun	ἡ	article	null	0	θεοῦ,	12	5	0	ὅτε δὲ ἡ χρηστότης καὶ ἡ φιλανθρωπία ἐπεφάνη τοῦ σωτῆρος ἡμῶν θεοῦ, οὐκ ἐξ ἔργων τῶν ἐν δικαιοσύνῃ ⸀ἃ ἐποιήσαμεν ἡμεῖς ἀλλὰ κατὰ ⸂τὸ αὐτοῦ ἔλεος⸃ ἔσωσεν ἡμᾶς διὰ λουτροῦ παλιγγενεσίας καὶ ἀνακαινώσεως πνεύματος ἁγίου, οὗ ἐξέχεεν ἐφ’ ἡμᾶς πλουσίως διὰ Ἰησοῦ Χριστοῦ τοῦ σωτῆρος ἡμῶν, ἵνα δικαιωθέντες τῇ ἐκείνου χάριτι κληρονόμοι ⸀γενηθῶμεν κατ’ ἐλπίδα ζωῆς αἰωνίου.
38	77	Paul	P3	ἀλλά	conjunction	22	37	ἡμεῖς	personal pronoun	κατὰ	preposition	θεοῦ,	12	ἁγίου,	35	0	10	ὅτε δὲ ἡ χρηστότης καὶ ἡ φιλανθρωπία ἐπεφάνη τοῦ σωτῆρος ἡμῶν θεοῦ, οὐκ ἐξ ἔργων τῶν ἐν δικαιοσύνῃ ⸀ἃ ἐποιήσαμεν ἡμεῖς ἀλλὰ κατὰ ⸂τὸ αὐτοῦ ἔλεος⸃ ἔσωσεν ἡμᾶς διὰ λουτροῦ παλιγγενεσίας καὶ ἀνακαινώσεως πνεύματος ἁγίου, οὗ ἐξέχεεν ἐφ’ ἡμᾶς πλουσίως διὰ Ἰησοῦ Χριστοῦ τοῦ σωτῆρος ἡμῶν, ἵνα δικαιωθέντες τῇ ἐκείνου χάριτι κληρονόμοι ⸀γενηθῶμεν κατ’ ἐλπίδα ζωῆς αἰωνίου.
39	77	Paul	P3	καί	conjunction	32	27	παλιγγενεσίας	noun	ἀνακαινώσεως	noun	θεοῦ,	12	ἁγίου,	35	0	20	ὅτε δὲ ἡ χρηστότης καὶ ἡ φιλανθρωπία ἐπεφάνη τοῦ σωτῆρος ἡμῶν θεοῦ, οὐκ ἐξ ἔργων τῶν ἐν δικαιοσύνῃ ⸀ἃ ἐποιήσαμεν ἡμεῖς ἀλλὰ κατὰ ⸂τὸ αὐτοῦ ἔλεος⸃ ἔσωσεν ἡμᾶς διὰ λουτροῦ παλιγγενεσίας καὶ ἀνακαινώσεως πνεύματος ἁγίου, οὗ ἐξέχεεν ἐφ’ ἡμᾶς πλουσίως διὰ Ἰησοῦ Χριστοῦ τοῦ σωτῆρος ἡμῶν, ἵνα δικαιωθέντες τῇ ἐκείνου χάριτι κληρονόμοι ⸀γενηθῶμεν κατ’ ἐλπίδα ζωῆς αἰωνίου.
40	77	Paul	P3	καί	conjunction	4	15	λόγος,	noun	περὶ	preposition	λόγος,	3	διαβεβαιοῦσθαι,	9	0	1	Πιστὸς ὁ λόγος, καὶ περὶ τούτων βούλομαί σε διαβεβαιοῦσθαι, ἵνα φροντίζωσιν καλῶν ἔργων προΐστασθαι οἱ πεπιστευκότες θεῷ.
41	77	Paul	P3	καί	conjunction	4	21	καλὰ	adjective	ὠφέλιμα	adjective	null	0	ἀνθρώποις·	7	4	0	ταῦτά ⸀ἐστιν καλὰ καὶ ὠφέλιμα τοῖς ἀνθρώποις· μωρὰς δὲ ζητήσεις καὶ γενεαλογίας καὶ ⸀ἔρεις καὶ μάχας νομικὰς περιΐστασο, εἰσὶν γὰρ ἀνωφελεῖς καὶ μάταιοι.
42	77	Paul	P3	δέ	conjunction	9	16	μωρὰς	adjective	ζητήσεις	noun	ἀνθρώποις·	7	περιΐστασο,	18	0	2	ταῦτά ⸀ἐστιν καλὰ καὶ ὠφέλιμα τοῖς ἀνθρώποις· μωρὰς δὲ ζητήσεις καὶ γενεαλογίας καὶ ⸀ἔρεις καὶ μάχας νομικὰς περιΐστασο, εἰσὶν γὰρ ἀνωφελεῖς καὶ μάταιοι.
43	77	Paul	P3	καί	conjunction	11	14	ζητήσεις	noun	γενεαλογίας	noun	ἀνθρώποις·	7	περιΐστασο,	18	0	4	ταῦτά ⸀ἐστιν καλὰ καὶ ὠφέλιμα τοῖς ἀνθρώποις· μωρὰς δὲ ζητήσεις καὶ γενεαλογίας καὶ ⸀ἔρεις καὶ μάχας νομικὰς περιΐστασο, εἰσὶν γὰρ ἀνωφελεῖς καὶ μάταιοι.
44	77	Paul	P3	καί	conjunction	13	12	γενεαλογίας	noun	⸀ἔρεις	noun	ἀνθρώποις·	7	περιΐστασο,	18	0	6	ταῦτά ⸀ἐστιν καλὰ καὶ ὠφέλιμα τοῖς ἀνθρώποις· μωρὰς δὲ ζητήσεις καὶ γενεαλογίας καὶ ⸀ἔρεις καὶ μάχας νομικὰς περιΐστασο, εἰσὶν γὰρ ἀνωφελεῖς καὶ μάταιοι.
45	77	Paul	P3	καί	conjunction	15	10	⸀ἔρεις	noun	μάχας	noun	ἀνθρώποις·	7	περιΐστασο,	18	0	8	ταῦτά ⸀ἐστιν καλὰ καὶ ὠφέλιμα τοῖς ἀνθρώποις· μωρὰς δὲ ζητήσεις καὶ γενεαλογίας καὶ ⸀ἔρεις καὶ μάχας νομικὰς περιΐστασο, εἰσὶν γὰρ ἀνωφελεῖς καὶ μάταιοι.
46	77	Paul	P3	γάρ	conjunction	20	5	εἰσὶν	verb	ἀνωφελεῖς	adjective	περιΐστασο,	18	null	0	0	2	ταῦτά ⸀ἐστιν καλὰ καὶ ὠφέλιμα τοῖς ἀνθρώποις· μωρὰς δὲ ζητήσεις καὶ γενεαλογίας καὶ ⸀ἔρεις καὶ μάχας νομικὰς περιΐστασο, εἰσὶν γὰρ ἀνωφελεῖς καὶ μάταιοι.
47	77	Paul	P3	καί	conjunction	22	3	ἀνωφελεῖς	adjective	μάταιοι.	adjective	περιΐστασο,	18	null	0	0	4	ταῦτά ⸀ἐστιν καλὰ καὶ ὠφέλιμα τοῖς ἀνθρώποις· μωρὰς δὲ ζητήσεις καὶ γενεαλογίας καὶ ⸀ἔρεις καὶ μάχας νομικὰς περιΐστασο, εἰσὶν γὰρ ἀνωφελεῖς καὶ μάταιοι.
48	77	Paul	P3	καί	conjunction	5	14	μίαν	adjective	δευτέραν	adjective	null	0	παραιτοῦ,	8	5	0	αἱρετικὸν ἄνθρωπον μετὰ μίαν καὶ δευτέραν νουθεσίαν παραιτοῦ, εἰδὼς ὅτι ἐξέστραπται ὁ τοιοῦτος καὶ ἁμαρτάνει, ὢν αὐτοκατάκριτος.
49	77	Paul	P3	καί	conjunction	14	5	τοιοῦτος	demonstrative	ἁμαρτάνει,	verb	παραιτοῦ,	8	ἁμαρτάνει,	15	0	6	αἱρετικὸν ἄνθρωπον μετὰ μίαν καὶ δευτέραν νουθεσίαν παραιτοῦ, εἰδὼς ὅτι ἐξέστραπται ὁ τοιοῦτος καὶ ἁμαρτάνει, ὢν αὐτοκατάκριτος.
50	77	Paul	P3	γάρ	conjunction	15	4	ἐκεῖ	adverb	κέκρικα	verb	Νικόπολιν,	13	null	0	0	2	Ὅταν πέμψω Ἀρτεμᾶν πρὸς σὲ ἢ Τυχικόν, σπούδασον ἐλθεῖν πρός με εἰς Νικόπολιν, ἐκεῖ γὰρ κέκρικα παραχειμάσαι.
51	77	Paul	P3	καί	conjunction	4	9	νομικὸν	adjective	⸀Ἀπολλῶν	noun	null	0	πρόπεμψον,	7	4	0	ζηνᾶν τὸν νομικὸν καὶ ⸀Ἀπολλῶν σπουδαίως πρόπεμψον, ἵνα μηδὲν αὐτοῖς λείπῃ.
52	77	Paul	P3	δέ	conjunction	2	16	μανθανέτωσαν	verb	καὶ	adverb	null	0	χρείας,	12	2	0	μανθανέτωσαν δὲ καὶ οἱ ἡμέτεροι καλῶν ἔργων προΐστασθαι εἰς τὰς ἀναγκαίας χρείας, ἵνα μὴ ὦσιν ἄκαρποι.
